ISO;YEAR;BANKING_CRISIS
ARE;1950;
ARE;1951;
ARE;1952;
ARE;1953;
ARE;1954;
ARE;1955;
ARE;1956;
ARE;1957;
ARE;1958;
ARE;1959;
ARE;1960;
ARE;1961;
ARE;1962;
ARE;1963;
ARE;1964;
ARE;1965;
ARE;1966;
ARE;1967;
ARE;1968;
ARE;1969;
ARE;1970;
ARE;1971;
ARE;1972;
ARE;1973;
ARE;1974;
ARE;1975;
ARE;1976;
ARE;1977;
ARE;1978;
ARE;1979;
ARE;1980;
ARE;1981;
ARE;1982;
ARE;1983;
ARE;1984;
ARE;1985;
ARE;1986;
ARE;1987;
ARE;1988;
ARE;1989;
ARE;1990;
ARE;1991;
ARE;1992;
ARE;1993;
ARE;1994;
ARE;1995;
ARE;1996;
ARE;1997;
ARE;1998;
ARE;1999;
ARE;2000;
ARE;2001;
ARE;2002;
ARE;2003;
ARE;2004;0.0
ARE;2005;0.0
ARE;2006;0.0
ARE;2007;0.0
ARE;2008;0.0
ARE;2009;1.0
ARE;2010;1.0
ARE;2011;1.0
ARE;2012;1.0
ARE;2013;0.0
ARE;2014;0.0
ARE;2015;0.0
ARE;2016;0.0
ARE;2017;0.0
ARE;2018;0.0
ARE;2019;0.0
ARE;2020;0.0
ARE;2021;0.0
ARE;2022;0.0
ARE;2023;
ARG;1950;
ARG;1951;
ARG;1952;
ARG;1953;
ARG;1954;
ARG;1955;
ARG;1956;
ARG;1957;
ARG;1958;
ARG;1959;
ARG;1960;
ARG;1961;
ARG;1962;
ARG;1963;
ARG;1964;
ARG;1965;
ARG;1966;
ARG;1967;
ARG;1968;
ARG;1969;
ARG;1970;
ARG;1971;
ARG;1972;
ARG;1973;
ARG;1974;
ARG;1975;
ARG;1976;
ARG;1977;
ARG;1978;
ARG;1979;
ARG;1980;
ARG;1981;
ARG;1982;
ARG;1983;
ARG;1984;
ARG;1985;
ARG;1986;
ARG;1987;
ARG;1988;
ARG;1989;
ARG;1990;
ARG;1991;
ARG;1992;0.0
ARG;1993;0.0
ARG;1994;0.0
ARG;1995;1.0
ARG;1996;0.0
ARG;1997;0.0
ARG;1998;0.0
ARG;1999;0.0
ARG;2000;0.0
ARG;2001;0.0
ARG;2002;1.0
ARG;2003;0.0
ARG;2004;0.0
ARG;2005;0.0
ARG;2006;0.0
ARG;2007;0.0
ARG;2008;1.0
ARG;2009;1.0
ARG;2010;0.0
ARG;2011;0.0
ARG;2012;1.0
ARG;2013;0.0
ARG;2014;0.0
ARG;2015;0.0
ARG;2016;0.0
ARG;2017;0.0
ARG;2018;0.0
ARG;2019;0.0
ARG;2020;0.0
ARG;2021;0.0
ARG;2022;0.0
ARG;2023;
AUS;1950;
AUS;1951;
AUS;1952;
AUS;1953;
AUS;1954;
AUS;1955;
AUS;1956;
AUS;1957;
AUS;1958;
AUS;1959;
AUS;1960;
AUS;1961;
AUS;1962;
AUS;1963;
AUS;1964;
AUS;1965;
AUS;1966;
AUS;1967;
AUS;1968;
AUS;1969;
AUS;1970;
AUS;1971;
AUS;1972;
AUS;1973;
AUS;1974;0.0
AUS;1975;0.0
AUS;1976;0.0
AUS;1977;0.0
AUS;1978;0.0
AUS;1979;0.0
AUS;1980;0.0
AUS;1981;0.0
AUS;1982;0.0
AUS;1983;0.0
AUS;1984;0.0
AUS;1985;0.0
AUS;1986;0.0
AUS;1987;0.0
AUS;1988;0.0
AUS;1989;0.0
AUS;1990;0.0
AUS;1991;0.0
AUS;1992;0.0
AUS;1993;0.0
AUS;1994;0.0
AUS;1995;0.0
AUS;1996;0.0
AUS;1997;0.0
AUS;1998;0.0
AUS;1999;0.0
AUS;2000;0.0
AUS;2001;0.0
AUS;2002;0.0
AUS;2003;0.0
AUS;2004;0.0
AUS;2005;0.0
AUS;2006;0.0
AUS;2007;0.0
AUS;2008;0.0
AUS;2009;1.0
AUS;2010;0.0
AUS;2011;0.0
AUS;2012;0.0
AUS;2013;0.0
AUS;2014;0.0
AUS;2015;0.0
AUS;2016;0.0
AUS;2017;0.0
AUS;2018;0.0
AUS;2019;0.0
AUS;2020;0.0
AUS;2021;0.0
AUS;2022;0.0
AUS;2023;
AUT;1950;
AUT;1951;
AUT;1952;
AUT;1953;
AUT;1954;
AUT;1955;
AUT;1956;
AUT;1957;
AUT;1958;
AUT;1959;
AUT;1960;
AUT;1961;
AUT;1962;
AUT;1963;
AUT;1964;
AUT;1965;
AUT;1966;
AUT;1967;
AUT;1968;
AUT;1969;
AUT;1970;
AUT;1971;
AUT;1972;
AUT;1973;
AUT;1974;
AUT;1975;
AUT;1976;
AUT;1977;
AUT;1978;
AUT;1979;
AUT;1980;
AUT;1981;
AUT;1982;
AUT;1983;
AUT;1984;
AUT;1985;
AUT;1986;
AUT;1987;0.0
AUT;1988;0.0
AUT;1989;0.0
AUT;1990;0.0
AUT;1991;0.0
AUT;1992;0.0
AUT;1993;0.0
AUT;1994;0.0
AUT;1995;0.0
AUT;1996;0.0
AUT;1997;0.0
AUT;1998;0.0
AUT;1999;0.0
AUT;2000;0.0
AUT;2001;0.0
AUT;2002;0.0
AUT;2003;0.0
AUT;2004;0.0
AUT;2005;0.0
AUT;2006;0.0
AUT;2007;0.0
AUT;2008;1.0
AUT;2009;1.0
AUT;2010;1.0
AUT;2011;0.0
AUT;2012;1.0
AUT;2013;0.0
AUT;2014;0.0
AUT;2015;0.0
AUT;2016;0.0
AUT;2017;0.0
AUT;2018;0.0
AUT;2019;0.0
AUT;2020;1.0
AUT;2021;0.0
AUT;2022;0.0
AUT;2023;
BEL;1950;
BEL;1951;
BEL;1952;
BEL;1953;
BEL;1954;
BEL;1955;
BEL;1956;
BEL;1957;
BEL;1958;
BEL;1959;
BEL;1960;
BEL;1961;
BEL;1962;
BEL;1963;
BEL;1964;
BEL;1965;
BEL;1966;
BEL;1967;
BEL;1968;
BEL;1969;
BEL;1970;
BEL;1971;
BEL;1972;
BEL;1973;
BEL;1974;0.0
BEL;1975;0.0
BEL;1976;0.0
BEL;1977;0.0
BEL;1978;0.0
BEL;1979;0.0
BEL;1980;0.0
BEL;1981;1.0
BEL;1982;1.0
BEL;1983;0.0
BEL;1984;0.0
BEL;1985;0.0
BEL;1986;0.0
BEL;1987;0.0
BEL;1988;0.0
BEL;1989;0.0
BEL;1990;0.0
BEL;1991;0.0
BEL;1992;0.0
BEL;1993;0.0
BEL;1994;0.0
BEL;1995;0.0
BEL;1996;0.0
BEL;1997;0.0
BEL;1998;0.0
BEL;1999;0.0
BEL;2000;0.0
BEL;2001;0.0
BEL;2002;1.0
BEL;2003;1.0
BEL;2004;1.0
BEL;2005;0.0
BEL;2006;0.0
BEL;2007;0.0
BEL;2008;1.0
BEL;2009;1.0
BEL;2010;1.0
BEL;2011;1.0
BEL;2012;1.0
BEL;2013;1.0
BEL;2014;0.0
BEL;2015;0.0
BEL;2016;0.0
BEL;2017;0.0
BEL;2018;0.0
BEL;2019;0.0
BEL;2020;0.0
BEL;2021;0.0
BEL;2022;0.0
BEL;2023;
BGR;1950;
BGR;1951;
BGR;1952;
BGR;1953;
BGR;1954;
BGR;1955;
BGR;1956;
BGR;1957;
BGR;1958;
BGR;1959;
BGR;1960;
BGR;1961;
BGR;1962;
BGR;1963;
BGR;1964;
BGR;1965;
BGR;1966;
BGR;1967;
BGR;1968;
BGR;1969;
BGR;1970;
BGR;1971;
BGR;1972;
BGR;1973;
BGR;1974;
BGR;1975;
BGR;1976;
BGR;1977;
BGR;1978;
BGR;1979;
BGR;1980;
BGR;1981;
BGR;1982;
BGR;1983;
BGR;1984;
BGR;1985;
BGR;1986;
BGR;1987;
BGR;1988;
BGR;1989;
BGR;1990;
BGR;1991;
BGR;1992;
BGR;1993;
BGR;1994;
BGR;1995;
BGR;1996;
BGR;1997;
BGR;1998;
BGR;1999;
BGR;2000;
BGR;2001;0.0
BGR;2002;0.0
BGR;2003;0.0
BGR;2004;0.0
BGR;2005;0.0
BGR;2006;0.0
BGR;2007;0.0
BGR;2008;1.0
BGR;2009;1.0
BGR;2010;1.0
BGR;2011;1.0
BGR;2012;1.0
BGR;2013;0.0
BGR;2014;0.0
BGR;2015;1.0
BGR;2016;1.0
BGR;2017;0.0
BGR;2018;0.0
BGR;2019;0.0
BGR;2020;1.0
BGR;2021;1.0
BGR;2022;1.0
BGR;2023;
BHR;1950;
BHR;1951;
BHR;1952;
BHR;1953;
BHR;1954;
BHR;1955;
BHR;1956;
BHR;1957;
BHR;1958;
BHR;1959;
BHR;1960;
BHR;1961;
BHR;1962;
BHR;1963;
BHR;1964;
BHR;1965;
BHR;1966;
BHR;1967;
BHR;1968;
BHR;1969;
BHR;1970;
BHR;1971;
BHR;1972;
BHR;1973;
BHR;1974;
BHR;1975;
BHR;1976;
BHR;1977;
BHR;1978;
BHR;1979;
BHR;1980;
BHR;1981;
BHR;1982;
BHR;1983;
BHR;1984;
BHR;1985;
BHR;1986;
BHR;1987;
BHR;1988;
BHR;1989;
BHR;1990;
BHR;1991;
BHR;1992;
BHR;1993;
BHR;1994;
BHR;1995;
BHR;1996;
BHR;1997;
BHR;1998;
BHR;1999;
BHR;2000;
BHR;2001;
BHR;2002;
BHR;2003;
BHR;2004;0.0
BHR;2005;0.0
BHR;2006;0.0
BHR;2007;0.0
BHR;2008;0.0
BHR;2009;1.0
BHR;2010;1.0
BHR;2011;1.0
BHR;2012;1.0
BHR;2013;1.0
BHR;2014;1.0
BHR;2015;0.0
BHR;2016;0.0
BHR;2017;0.0
BHR;2018;0.0
BHR;2019;0.0
BHR;2020;0.0
BHR;2021;0.0
BHR;2022;0.0
BHR;2023;
BRA;1950;
BRA;1951;
BRA;1952;
BRA;1953;
BRA;1954;
BRA;1955;
BRA;1956;
BRA;1957;
BRA;1958;
BRA;1959;
BRA;1960;
BRA;1961;
BRA;1962;
BRA;1963;
BRA;1964;
BRA;1965;
BRA;1966;
BRA;1967;
BRA;1968;
BRA;1969;
BRA;1970;
BRA;1971;
BRA;1972;
BRA;1973;
BRA;1974;
BRA;1975;
BRA;1976;
BRA;1977;
BRA;1978;
BRA;1979;
BRA;1980;
BRA;1981;
BRA;1982;
BRA;1983;
BRA;1984;
BRA;1985;
BRA;1986;
BRA;1987;
BRA;1988;
BRA;1989;
BRA;1990;
BRA;1991;
BRA;1992;
BRA;1993;
BRA;1994;
BRA;1995;0.0
BRA;1996;0.0
BRA;1997;0.0
BRA;1998;1.0
BRA;1999;1.0
BRA;2000;0.0
BRA;2001;0.0
BRA;2002;0.0
BRA;2003;0.0
BRA;2004;0.0
BRA;2005;0.0
BRA;2006;0.0
BRA;2007;0.0
BRA;2008;0.0
BRA;2009;0.0
BRA;2010;0.0
BRA;2011;0.0
BRA;2012;0.0
BRA;2013;0.0
BRA;2014;0.0
BRA;2015;0.0
BRA;2016;0.0
BRA;2017;0.0
BRA;2018;0.0
BRA;2019;0.0
BRA;2020;0.0
BRA;2021;0.0
BRA;2022;0.0
BRA;2023;
CAN;1950;
CAN;1951;
CAN;1952;
CAN;1953;
CAN;1954;
CAN;1955;
CAN;1956;
CAN;1957;
CAN;1958;
CAN;1959;
CAN;1960;
CAN;1961;
CAN;1962;
CAN;1963;
CAN;1964;
CAN;1965;
CAN;1966;
CAN;1967;
CAN;1968;
CAN;1969;
CAN;1970;
CAN;1971;
CAN;1972;
CAN;1973;
CAN;1974;0.0
CAN;1975;0.0
CAN;1976;0.0
CAN;1977;0.0
CAN;1978;0.0
CAN;1979;0.0
CAN;1980;0.0
CAN;1981;0.0
CAN;1982;0.0
CAN;1983;0.0
CAN;1984;0.0
CAN;1985;0.0
CAN;1986;0.0
CAN;1987;0.0
CAN;1988;0.0
CAN;1989;0.0
CAN;1990;0.0
CAN;1991;0.0
CAN;1992;0.0
CAN;1993;0.0
CAN;1994;0.0
CAN;1995;0.0
CAN;1996;0.0
CAN;1997;0.0
CAN;1998;0.0
CAN;1999;0.0
CAN;2000;0.0
CAN;2001;0.0
CAN;2002;0.0
CAN;2003;0.0
CAN;2004;0.0
CAN;2005;0.0
CAN;2006;0.0
CAN;2007;0.0
CAN;2008;0.0
CAN;2009;0.0
CAN;2010;0.0
CAN;2011;0.0
CAN;2012;0.0
CAN;2013;0.0
CAN;2014;0.0
CAN;2015;0.0
CAN;2016;0.0
CAN;2017;0.0
CAN;2018;0.0
CAN;2019;0.0
CAN;2020;0.0
CAN;2021;0.0
CAN;2022;0.0
CAN;2023;
CHE;1950;
CHE;1951;
CHE;1952;
CHE;1953;
CHE;1954;
CHE;1955;
CHE;1956;
CHE;1957;
CHE;1958;
CHE;1959;
CHE;1960;
CHE;1961;
CHE;1962;
CHE;1963;
CHE;1964;
CHE;1965;
CHE;1966;
CHE;1967;
CHE;1968;
CHE;1969;
CHE;1970;
CHE;1971;
CHE;1972;
CHE;1973;
CHE;1974;0.0
CHE;1975;0.0
CHE;1976;0.0
CHE;1977;0.0
CHE;1978;0.0
CHE;1979;0.0
CHE;1980;0.0
CHE;1981;0.0
CHE;1982;0.0
CHE;1983;0.0
CHE;1984;0.0
CHE;1985;0.0
CHE;1986;0.0
CHE;1987;0.0
CHE;1988;1.0
CHE;1989;0.0
CHE;1990;0.0
CHE;1991;0.0
CHE;1992;0.0
CHE;1993;0.0
CHE;1994;0.0
CHE;1995;0.0
CHE;1996;0.0
CHE;1997;0.0
CHE;1998;0.0
CHE;1999;0.0
CHE;2000;0.0
CHE;2001;0.0
CHE;2002;0.0
CHE;2003;0.0
CHE;2004;0.0
CHE;2005;0.0
CHE;2006;0.0
CHE;2007;0.0
CHE;2008;1.0
CHE;2009;1.0
CHE;2010;1.0
CHE;2011;0.0
CHE;2012;1.0
CHE;2013;0.0
CHE;2014;0.0
CHE;2015;0.0
CHE;2016;0.0
CHE;2017;0.0
CHE;2018;0.0
CHE;2019;0.0
CHE;2020;0.0
CHE;2021;0.0
CHE;2022;0.0
CHE;2023;
CHL;1950;
CHL;1951;
CHL;1952;
CHL;1953;
CHL;1954;
CHL;1955;
CHL;1956;
CHL;1957;
CHL;1958;
CHL;1959;
CHL;1960;
CHL;1961;
CHL;1962;
CHL;1963;
CHL;1964;
CHL;1965;
CHL;1966;
CHL;1967;
CHL;1968;
CHL;1969;
CHL;1970;
CHL;1971;
CHL;1972;
CHL;1973;
CHL;1974;
CHL;1975;
CHL;1976;
CHL;1977;
CHL;1978;
CHL;1979;
CHL;1980;
CHL;1981;
CHL;1982;
CHL;1983;
CHL;1984;
CHL;1985;
CHL;1986;
CHL;1987;
CHL;1988;
CHL;1989;
CHL;1990;0.0
CHL;1991;0.0
CHL;1992;0.0
CHL;1993;0.0
CHL;1994;0.0
CHL;1995;0.0
CHL;1996;0.0
CHL;1997;0.0
CHL;1998;1.0
CHL;1999;0.0
CHL;2000;0.0
CHL;2001;0.0
CHL;2002;0.0
CHL;2003;0.0
CHL;2004;0.0
CHL;2005;0.0
CHL;2006;0.0
CHL;2007;0.0
CHL;2008;0.0
CHL;2009;0.0
CHL;2010;0.0
CHL;2011;0.0
CHL;2012;0.0
CHL;2013;0.0
CHL;2014;0.0
CHL;2015;0.0
CHL;2016;0.0
CHL;2017;0.0
CHL;2018;0.0
CHL;2019;0.0
CHL;2020;0.0
CHL;2021;0.0
CHL;2022;0.0
CHL;2023;
CHN;1950;
CHN;1951;
CHN;1952;
CHN;1953;
CHN;1954;
CHN;1955;
CHN;1956;
CHN;1957;
CHN;1958;
CHN;1959;
CHN;1960;
CHN;1961;
CHN;1962;
CHN;1963;
CHN;1964;
CHN;1965;
CHN;1966;
CHN;1967;
CHN;1968;
CHN;1969;
CHN;1970;
CHN;1971;
CHN;1972;
CHN;1973;
CHN;1974;
CHN;1975;
CHN;1976;
CHN;1977;
CHN;1978;
CHN;1979;
CHN;1980;
CHN;1981;
CHN;1982;
CHN;1983;
CHN;1984;
CHN;1985;
CHN;1986;
CHN;1987;
CHN;1988;
CHN;1989;
CHN;1990;
CHN;1991;
CHN;1992;0.0
CHN;1993;0.0
CHN;1994;1.0
CHN;1995;1.0
CHN;1996;0.0
CHN;1997;0.0
CHN;1998;0.0
CHN;1999;0.0
CHN;2000;0.0
CHN;2001;0.0
CHN;2002;0.0
CHN;2003;0.0
CHN;2004;0.0
CHN;2005;0.0
CHN;2006;0.0
CHN;2007;0.0
CHN;2008;0.0
CHN;2009;0.0
CHN;2010;0.0
CHN;2011;1.0
CHN;2012;1.0
CHN;2013;1.0
CHN;2014;0.0
CHN;2015;0.0
CHN;2016;0.0
CHN;2017;0.0
CHN;2018;0.0
CHN;2019;0.0
CHN;2020;0.0
CHN;2021;0.0
CHN;2022;0.0
CHN;2023;
COL;1950;
COL;1951;
COL;1952;
COL;1953;
COL;1954;
COL;1955;
COL;1956;
COL;1957;
COL;1958;
COL;1959;
COL;1960;
COL;1961;
COL;1962;
COL;1963;
COL;1964;
COL;1965;
COL;1966;
COL;1967;
COL;1968;
COL;1969;
COL;1970;
COL;1971;
COL;1972;
COL;1973;
COL;1974;
COL;1975;
COL;1976;
COL;1977;
COL;1978;
COL;1979;
COL;1980;
COL;1981;
COL;1982;
COL;1983;
COL;1984;
COL;1985;
COL;1986;
COL;1987;
COL;1988;
COL;1989;
COL;1990;
COL;1991;
COL;1992;
COL;1993;0.0
COL;1994;0.0
COL;1995;0.0
COL;1996;0.0
COL;1997;0.0
COL;1998;0.0
COL;1999;0.0
COL;2000;1.0
COL;2001;1.0
COL;2002;1.0
COL;2003;1.0
COL;2004;1.0
COL;2005;0.0
COL;2006;0.0
COL;2007;0.0
COL;2008;0.0
COL;2009;0.0
COL;2010;0.0
COL;2011;0.0
COL;2012;0.0
COL;2013;0.0
COL;2014;0.0
COL;2015;0.0
COL;2016;0.0
COL;2017;0.0
COL;2018;0.0
COL;2019;0.0
COL;2020;0.0
COL;2021;0.0
COL;2022;0.0
COL;2023;
CYP;1950;
CYP;1951;
CYP;1952;
CYP;1953;
CYP;1954;
CYP;1955;
CYP;1956;
CYP;1957;
CYP;1958;
CYP;1959;
CYP;1960;
CYP;1961;
CYP;1962;
CYP;1963;
CYP;1964;
CYP;1965;
CYP;1966;
CYP;1967;
CYP;1968;
CYP;1969;
CYP;1970;
CYP;1971;
CYP;1972;
CYP;1973;
CYP;1974;
CYP;1975;
CYP;1976;
CYP;1977;
CYP;1978;
CYP;1979;
CYP;1980;
CYP;1981;
CYP;1982;
CYP;1983;
CYP;1984;
CYP;1985;
CYP;1986;
CYP;1987;
CYP;1988;
CYP;1989;
CYP;1990;
CYP;1991;
CYP;1992;
CYP;1993;0.0
CYP;1994;0.0
CYP;1995;0.0
CYP;1996;0.0
CYP;1997;0.0
CYP;1998;0.0
CYP;1999;0.0
CYP;2000;0.0
CYP;2001;1.0
CYP;2002;1.0
CYP;2003;1.0
CYP;2004;1.0
CYP;2005;1.0
CYP;2006;1.0
CYP;2007;0.0
CYP;2008;1.0
CYP;2009;1.0
CYP;2010;1.0
CYP;2011;1.0
CYP;2012;1.0
CYP;2013;1.0
CYP;2014;1.0
CYP;2015;1.0
CYP;2016;1.0
CYP;2017;1.0
CYP;2018;1.0
CYP;2019;1.0
CYP;2020;1.0
CYP;2021;1.0
CYP;2022;1.0
CYP;2023;
CZE;1950;
CZE;1951;
CZE;1952;
CZE;1953;
CZE;1954;
CZE;1955;
CZE;1956;
CZE;1957;
CZE;1958;
CZE;1959;
CZE;1960;
CZE;1961;
CZE;1962;
CZE;1963;
CZE;1964;
CZE;1965;
CZE;1966;
CZE;1967;
CZE;1968;
CZE;1969;
CZE;1970;
CZE;1971;
CZE;1972;
CZE;1973;
CZE;1974;
CZE;1975;
CZE;1976;
CZE;1977;
CZE;1978;
CZE;1979;
CZE;1980;
CZE;1981;
CZE;1982;
CZE;1983;
CZE;1984;
CZE;1985;
CZE;1986;
CZE;1987;
CZE;1988;
CZE;1989;
CZE;1990;
CZE;1991;
CZE;1992;
CZE;1993;
CZE;1994;
CZE;1995;1.0
CZE;1996;0.0
CZE;1997;0.0
CZE;1998;1.0
CZE;1999;1.0
CZE;2000;0.0
CZE;2001;0.0
CZE;2002;0.0
CZE;2003;0.0
CZE;2004;0.0
CZE;2005;0.0
CZE;2006;0.0
CZE;2007;0.0
CZE;2008;0.0
CZE;2009;0.0
CZE;2010;0.0
CZE;2011;0.0
CZE;2012;0.0
CZE;2013;0.0
CZE;2014;0.0
CZE;2015;0.0
CZE;2016;0.0
CZE;2017;0.0
CZE;2018;0.0
CZE;2019;0.0
CZE;2020;1.0
CZE;2021;0.0
CZE;2022;0.0
CZE;2023;
DEU;1950;
DEU;1951;
DEU;1952;
DEU;1953;
DEU;1954;
DEU;1955;
DEU;1956;
DEU;1957;
DEU;1958;
DEU;1959;
DEU;1960;
DEU;1961;
DEU;1962;
DEU;1963;
DEU;1964;
DEU;1965;
DEU;1966;
DEU;1967;
DEU;1968;
DEU;1969;
DEU;1970;
DEU;1971;
DEU;1972;
DEU;1973;
DEU;1974;0.0
DEU;1975;0.0
DEU;1976;0.0
DEU;1977;0.0
DEU;1978;0.0
DEU;1979;0.0
DEU;1980;0.0
DEU;1981;0.0
DEU;1982;0.0
DEU;1983;0.0
DEU;1984;0.0
DEU;1985;0.0
DEU;1986;0.0
DEU;1987;0.0
DEU;1988;1.0
DEU;1989;0.0
DEU;1990;0.0
DEU;1991;0.0
DEU;1992;0.0
DEU;1993;0.0
DEU;1994;0.0
DEU;1995;0.0
DEU;1996;0.0
DEU;1997;0.0
DEU;1998;0.0
DEU;1999;0.0
DEU;2000;0.0
DEU;2001;0.0
DEU;2002;1.0
DEU;2003;1.0
DEU;2004;1.0
DEU;2005;0.0
DEU;2006;0.0
DEU;2007;0.0
DEU;2008;1.0
DEU;2009;1.0
DEU;2010;1.0
DEU;2011;0.0
DEU;2012;1.0
DEU;2013;0.0
DEU;2014;0.0
DEU;2015;0.0
DEU;2016;1.0
DEU;2017;1.0
DEU;2018;0.0
DEU;2019;1.0
DEU;2020;1.0
DEU;2021;1.0
DEU;2022;1.0
DEU;2023;
DNK;1950;
DNK;1951;
DNK;1952;
DNK;1953;
DNK;1954;
DNK;1955;
DNK;1956;
DNK;1957;
DNK;1958;
DNK;1959;
DNK;1960;
DNK;1961;
DNK;1962;
DNK;1963;
DNK;1964;
DNK;1965;
DNK;1966;
DNK;1967;
DNK;1968;
DNK;1969;
DNK;1970;
DNK;1971;
DNK;1972;
DNK;1973;
DNK;1974;1.0
DNK;1975;0.0
DNK;1976;0.0
DNK;1977;0.0
DNK;1978;0.0
DNK;1979;0.0
DNK;1980;0.0
DNK;1981;0.0
DNK;1982;0.0
DNK;1983;0.0
DNK;1984;0.0
DNK;1985;0.0
DNK;1986;0.0
DNK;1987;0.0
DNK;1988;0.0
DNK;1989;0.0
DNK;1990;0.0
DNK;1991;0.0
DNK;1992;1.0
DNK;1993;0.0
DNK;1994;0.0
DNK;1995;0.0
DNK;1996;0.0
DNK;1997;0.0
DNK;1998;0.0
DNK;1999;0.0
DNK;2000;0.0
DNK;2001;0.0
DNK;2002;0.0
DNK;2003;0.0
DNK;2004;0.0
DNK;2005;0.0
DNK;2006;0.0
DNK;2007;0.0
DNK;2008;1.0
DNK;2009;1.0
DNK;2010;1.0
DNK;2011;0.0
DNK;2012;0.0
DNK;2013;0.0
DNK;2014;0.0
DNK;2015;0.0
DNK;2016;0.0
DNK;2017;0.0
DNK;2018;0.0
DNK;2019;1.0
DNK;2020;1.0
DNK;2021;1.0
DNK;2022;1.0
DNK;2023;
EGY;1950;
EGY;1951;
EGY;1952;
EGY;1953;
EGY;1954;
EGY;1955;
EGY;1956;
EGY;1957;
EGY;1958;
EGY;1959;
EGY;1960;
EGY;1961;
EGY;1962;
EGY;1963;
EGY;1964;
EGY;1965;
EGY;1966;
EGY;1967;
EGY;1968;
EGY;1969;
EGY;1970;
EGY;1971;
EGY;1972;
EGY;1973;
EGY;1974;
EGY;1975;
EGY;1976;
EGY;1977;
EGY;1978;
EGY;1979;
EGY;1980;
EGY;1981;
EGY;1982;
EGY;1983;
EGY;1984;
EGY;1985;
EGY;1986;
EGY;1987;
EGY;1988;
EGY;1989;
EGY;1990;
EGY;1991;
EGY;1992;
EGY;1993;
EGY;1994;
EGY;1995;
EGY;1996;
EGY;1997;0.0
EGY;1998;0.0
EGY;1999;1.0
EGY;2000;1.0
EGY;2001;1.0
EGY;2002;1.0
EGY;2003;1.0
EGY;2004;0.0
EGY;2005;0.0
EGY;2006;0.0
EGY;2007;0.0
EGY;2008;0.0
EGY;2009;0.0
EGY;2010;0.0
EGY;2011;0.0
EGY;2012;0.0
EGY;2013;0.0
EGY;2014;0.0
EGY;2015;0.0
EGY;2016;0.0
EGY;2017;0.0
EGY;2018;0.0
EGY;2019;0.0
EGY;2020;0.0
EGY;2021;0.0
EGY;2022;0.0
EGY;2023;
ESP;1950;
ESP;1951;
ESP;1952;
ESP;1953;
ESP;1954;
ESP;1955;
ESP;1956;
ESP;1957;
ESP;1958;
ESP;1959;
ESP;1960;
ESP;1961;
ESP;1962;
ESP;1963;
ESP;1964;
ESP;1965;
ESP;1966;
ESP;1967;
ESP;1968;
ESP;1969;
ESP;1970;
ESP;1971;
ESP;1972;
ESP;1973;
ESP;1974;
ESP;1975;
ESP;1976;
ESP;1977;
ESP;1978;
ESP;1979;
ESP;1980;
ESP;1981;
ESP;1982;
ESP;1983;
ESP;1984;
ESP;1985;
ESP;1986;
ESP;1987;
ESP;1988;0.0
ESP;1989;0.0
ESP;1990;0.0
ESP;1991;0.0
ESP;1992;0.0
ESP;1993;0.0
ESP;1994;0.0
ESP;1995;0.0
ESP;1996;0.0
ESP;1997;0.0
ESP;1998;0.0
ESP;1999;0.0
ESP;2000;0.0
ESP;2001;0.0
ESP;2002;0.0
ESP;2003;1.0
ESP;2004;0.0
ESP;2005;0.0
ESP;2006;0.0
ESP;2007;0.0
ESP;2008;0.0
ESP;2009;1.0
ESP;2010;1.0
ESP;2011;0.0
ESP;2012;1.0
ESP;2013;1.0
ESP;2014;0.0
ESP;2015;0.0
ESP;2016;1.0
ESP;2017;0.0
ESP;2018;0.0
ESP;2019;1.0
ESP;2020;1.0
ESP;2021;1.0
ESP;2022;1.0
ESP;2023;
EST;1950;
EST;1951;
EST;1952;
EST;1953;
EST;1954;
EST;1955;
EST;1956;
EST;1957;
EST;1958;
EST;1959;
EST;1960;
EST;1961;
EST;1962;
EST;1963;
EST;1964;
EST;1965;
EST;1966;
EST;1967;
EST;1968;
EST;1969;
EST;1970;
EST;1971;
EST;1972;
EST;1973;
EST;1974;
EST;1975;
EST;1976;
EST;1977;
EST;1978;
EST;1979;
EST;1980;
EST;1981;
EST;1982;
EST;1983;
EST;1984;
EST;1985;
EST;1986;
EST;1987;
EST;1988;
EST;1989;
EST;1990;
EST;1991;
EST;1992;
EST;1993;
EST;1994;
EST;1995;
EST;1996;
EST;1997;
EST;1998;
EST;1999;
EST;2000;
EST;2001;
EST;2002;
EST;2003;
EST;2004;
EST;2005;
EST;2006;
EST;2007;
EST;2008;
EST;2009;
EST;2010;
EST;2011;
EST;2012;
EST;2013;
EST;2014;
EST;2015;
EST;2016;
EST;2017;0.0
EST;2018;0.0
EST;2019;0.0
EST;2020;0.0
EST;2021;0.0
EST;2022;0.0
EST;2023;
EUZ;1950;
EUZ;1951;
EUZ;1952;
EUZ;1953;
EUZ;1954;
EUZ;1955;
EUZ;1956;
EUZ;1957;
EUZ;1958;
EUZ;1959;
EUZ;1960;
EUZ;1961;
EUZ;1962;
EUZ;1963;
EUZ;1964;
EUZ;1965;
EUZ;1966;
EUZ;1967;
EUZ;1968;
EUZ;1969;
EUZ;1970;
EUZ;1971;
EUZ;1972;
EUZ;1973;
EUZ;1974;0.0
EUZ;1975;0.0
EUZ;1976;0.0
EUZ;1977;0.0
EUZ;1978;0.0
EUZ;1979;0.0
EUZ;1980;0.0
EUZ;1981;0.0
EUZ;1982;0.0
EUZ;1983;0.0
EUZ;1984;0.0
EUZ;1985;0.0
EUZ;1986;0.0
EUZ;1987;0.0
EUZ;1988;0.0
EUZ;1989;0.0
EUZ;1990;0.0
EUZ;1991;0.0
EUZ;1992;0.0
EUZ;1993;0.0
EUZ;1994;0.0
EUZ;1995;0.0
EUZ;1996;0.0
EUZ;1997;0.0
EUZ;1998;0.0
EUZ;1999;0.0
EUZ;2000;0.0
EUZ;2001;0.0
EUZ;2002;0.0
EUZ;2003;0.0
EUZ;2004;0.0
EUZ;2005;0.0
EUZ;2006;0.0
EUZ;2007;0.0
EUZ;2008;1.0
EUZ;2009;1.0
EUZ;2010;1.0
EUZ;2011;1.0
EUZ;2012;1.0
EUZ;2013;1.0
EUZ;2014;1.0
EUZ;2015;0.0
EUZ;2016;1.0
EUZ;2017;0.0
EUZ;2018;0.0
EUZ;2019;0.0
EUZ;2020;1.0
EUZ;2021;0.0
EUZ;2022;0.0
EUZ;2023;
FIN;1950;
FIN;1951;
FIN;1952;
FIN;1953;
FIN;1954;
FIN;1955;
FIN;1956;
FIN;1957;
FIN;1958;
FIN;1959;
FIN;1960;
FIN;1961;
FIN;1962;
FIN;1963;
FIN;1964;
FIN;1965;
FIN;1966;
FIN;1967;
FIN;1968;
FIN;1969;
FIN;1970;
FIN;1971;
FIN;1972;
FIN;1973;
FIN;1974;
FIN;1975;
FIN;1976;
FIN;1977;
FIN;1978;
FIN;1979;
FIN;1980;
FIN;1981;
FIN;1982;
FIN;1983;
FIN;1984;
FIN;1985;
FIN;1986;
FIN;1987;
FIN;1988;
FIN;1989;
FIN;1990;
FIN;1991;
FIN;1992;
FIN;1993;
FIN;1994;
FIN;1995;
FIN;1996;
FIN;1997;
FIN;1998;
FIN;1999;
FIN;2000;
FIN;2001;
FIN;2002;
FIN;2003;
FIN;2004;
FIN;2005;
FIN;2006;
FIN;2007;
FIN;2008;
FIN;2009;
FIN;2010;0.0
FIN;2011;0.0
FIN;2012;0.0
FIN;2013;0.0
FIN;2014;0.0
FIN;2015;0.0
FIN;2016;0.0
FIN;2017;0.0
FIN;2018;0.0
FIN;2019;0.0
FIN;2020;0.0
FIN;2021;0.0
FIN;2022;0.0
FIN;2023;
FRA;1950;
FRA;1951;
FRA;1952;
FRA;1953;
FRA;1954;
FRA;1955;
FRA;1956;
FRA;1957;
FRA;1958;
FRA;1959;
FRA;1960;
FRA;1961;
FRA;1962;
FRA;1963;
FRA;1964;
FRA;1965;
FRA;1966;
FRA;1967;
FRA;1968;
FRA;1969;
FRA;1970;
FRA;1971;
FRA;1972;
FRA;1973;
FRA;1974;
FRA;1975;
FRA;1976;
FRA;1977;
FRA;1978;
FRA;1979;
FRA;1980;
FRA;1981;
FRA;1982;
FRA;1983;
FRA;1984;
FRA;1985;
FRA;1986;
FRA;1987;0.0
FRA;1988;0.0
FRA;1989;0.0
FRA;1990;0.0
FRA;1991;0.0
FRA;1992;0.0
FRA;1993;0.0
FRA;1994;0.0
FRA;1995;0.0
FRA;1996;0.0
FRA;1997;0.0
FRA;1998;0.0
FRA;1999;0.0
FRA;2000;0.0
FRA;2001;0.0
FRA;2002;0.0
FRA;2003;0.0
FRA;2004;0.0
FRA;2005;0.0
FRA;2006;0.0
FRA;2007;0.0
FRA;2008;1.0
FRA;2009;1.0
FRA;2010;1.0
FRA;2011;0.0
FRA;2012;1.0
FRA;2013;0.0
FRA;2014;0.0
FRA;2015;0.0
FRA;2016;0.0
FRA;2017;0.0
FRA;2018;0.0
FRA;2019;0.0
FRA;2020;1.0
FRA;2021;0.0
FRA;2022;0.0
FRA;2023;
GBR;1950;
GBR;1951;
GBR;1952;
GBR;1953;
GBR;1954;
GBR;1955;
GBR;1956;
GBR;1957;
GBR;1958;
GBR;1959;
GBR;1960;
GBR;1961;
GBR;1962;
GBR;1963;
GBR;1964;
GBR;1965;
GBR;1966;0.0
GBR;1967;0.0
GBR;1968;0.0
GBR;1969;0.0
GBR;1970;0.0
GBR;1971;0.0
GBR;1972;0.0
GBR;1973;0.0
GBR;1974;1.0
GBR;1975;0.0
GBR;1976;0.0
GBR;1977;0.0
GBR;1978;0.0
GBR;1979;0.0
GBR;1980;0.0
GBR;1981;0.0
GBR;1982;0.0
GBR;1983;0.0
GBR;1984;0.0
GBR;1985;0.0
GBR;1986;0.0
GBR;1987;0.0
GBR;1988;0.0
GBR;1989;0.0
GBR;1990;0.0
GBR;1991;0.0
GBR;1992;0.0
GBR;1993;0.0
GBR;1994;0.0
GBR;1995;0.0
GBR;1996;0.0
GBR;1997;0.0
GBR;1998;0.0
GBR;1999;0.0
GBR;2000;0.0
GBR;2001;0.0
GBR;2002;0.0
GBR;2003;0.0
GBR;2004;0.0
GBR;2005;0.0
GBR;2006;0.0
GBR;2007;0.0
GBR;2008;1.0
GBR;2009;1.0
GBR;2010;1.0
GBR;2011;0.0
GBR;2012;0.0
GBR;2013;0.0
GBR;2014;0.0
GBR;2015;0.0
GBR;2016;0.0
GBR;2017;0.0
GBR;2018;0.0
GBR;2019;0.0
GBR;2020;1.0
GBR;2021;1.0
GBR;2022;0.0
GBR;2023;
GRC;1950;
GRC;1951;
GRC;1952;
GRC;1953;
GRC;1954;
GRC;1955;
GRC;1956;
GRC;1957;
GRC;1958;
GRC;1959;
GRC;1960;
GRC;1961;
GRC;1962;
GRC;1963;
GRC;1964;
GRC;1965;
GRC;1966;
GRC;1967;
GRC;1968;
GRC;1969;
GRC;1970;
GRC;1971;
GRC;1972;
GRC;1973;
GRC;1974;
GRC;1975;
GRC;1976;
GRC;1977;
GRC;1978;
GRC;1979;
GRC;1980;
GRC;1981;
GRC;1982;
GRC;1983;
GRC;1984;
GRC;1985;
GRC;1986;
GRC;1987;
GRC;1988;
GRC;1989;0.0
GRC;1990;0.0
GRC;1991;0.0
GRC;1992;0.0
GRC;1993;0.0
GRC;1994;0.0
GRC;1995;0.0
GRC;1996;0.0
GRC;1997;0.0
GRC;1998;0.0
GRC;1999;0.0
GRC;2000;0.0
GRC;2001;1.0
GRC;2002;1.0
GRC;2003;1.0
GRC;2004;1.0
GRC;2005;0.0
GRC;2006;0.0
GRC;2007;0.0
GRC;2008;1.0
GRC;2009;1.0
GRC;2010;1.0
GRC;2011;1.0
GRC;2012;1.0
GRC;2013;1.0
GRC;2014;1.0
GRC;2015;1.0
GRC;2016;1.0
GRC;2017;1.0
GRC;2018;0.0
GRC;2019;0.0
GRC;2020;1.0
GRC;2021;1.0
GRC;2022;1.0
GRC;2023;
HKG;1950;
HKG;1951;
HKG;1952;
HKG;1953;
HKG;1954;
HKG;1955;
HKG;1956;
HKG;1957;
HKG;1958;
HKG;1959;
HKG;1960;
HKG;1961;
HKG;1962;
HKG;1963;
HKG;1964;
HKG;1965;
HKG;1966;
HKG;1967;
HKG;1968;
HKG;1969;
HKG;1970;
HKG;1971;
HKG;1972;
HKG;1973;
HKG;1974;1.0
HKG;1975;0.0
HKG;1976;0.0
HKG;1977;0.0
HKG;1978;0.0
HKG;1979;0.0
HKG;1980;0.0
HKG;1981;0.0
HKG;1982;0.0
HKG;1983;1.0
HKG;1984;1.0
HKG;1985;0.0
HKG;1986;0.0
HKG;1987;0.0
HKG;1988;0.0
HKG;1989;0.0
HKG;1990;0.0
HKG;1991;0.0
HKG;1992;0.0
HKG;1993;0.0
HKG;1994;0.0
HKG;1995;0.0
HKG;1996;0.0
HKG;1997;0.0
HKG;1998;0.0
HKG;1999;0.0
HKG;2000;0.0
HKG;2001;0.0
HKG;2002;0.0
HKG;2003;0.0
HKG;2004;0.0
HKG;2005;0.0
HKG;2006;0.0
HKG;2007;0.0
HKG;2008;0.0
HKG;2009;1.0
HKG;2010;0.0
HKG;2011;0.0
HKG;2012;0.0
HKG;2013;0.0
HKG;2014;0.0
HKG;2015;0.0
HKG;2016;0.0
HKG;2017;0.0
HKG;2018;0.0
HKG;2019;0.0
HKG;2020;1.0
HKG;2021;1.0
HKG;2022;1.0
HKG;2023;
HRV;1950;
HRV;1951;
HRV;1952;
HRV;1953;
HRV;1954;
HRV;1955;
HRV;1956;
HRV;1957;
HRV;1958;
HRV;1959;
HRV;1960;
HRV;1961;
HRV;1962;
HRV;1963;
HRV;1964;
HRV;1965;
HRV;1966;
HRV;1967;
HRV;1968;
HRV;1969;
HRV;1970;
HRV;1971;
HRV;1972;
HRV;1973;
HRV;1974;
HRV;1975;
HRV;1976;
HRV;1977;
HRV;1978;
HRV;1979;
HRV;1980;
HRV;1981;
HRV;1982;
HRV;1983;
HRV;1984;
HRV;1985;
HRV;1986;
HRV;1987;
HRV;1988;
HRV;1989;
HRV;1990;
HRV;1991;
HRV;1992;
HRV;1993;
HRV;1994;
HRV;1995;
HRV;1996;
HRV;1997;
HRV;1998;
HRV;1999;
HRV;2000;
HRV;2001;
HRV;2002;
HRV;2003;
HRV;2004;
HRV;2005;
HRV;2006;0.0
HRV;2007;0.0
HRV;2008;1.0
HRV;2009;1.0
HRV;2010;1.0
HRV;2011;1.0
HRV;2012;0.0
HRV;2013;0.0
HRV;2014;1.0
HRV;2015;0.0
HRV;2016;0.0
HRV;2017;0.0
HRV;2018;0.0
HRV;2019;0.0
HRV;2020;0.0
HRV;2021;0.0
HRV;2022;0.0
HRV;2023;
HUN;1950;
HUN;1951;
HUN;1952;
HUN;1953;
HUN;1954;
HUN;1955;
HUN;1956;
HUN;1957;
HUN;1958;
HUN;1959;
HUN;1960;
HUN;1961;
HUN;1962;
HUN;1963;
HUN;1964;
HUN;1965;
HUN;1966;
HUN;1967;
HUN;1968;
HUN;1969;
HUN;1970;
HUN;1971;
HUN;1972;
HUN;1973;
HUN;1974;
HUN;1975;
HUN;1976;
HUN;1977;
HUN;1978;
HUN;1979;
HUN;1980;
HUN;1981;
HUN;1982;
HUN;1983;
HUN;1984;
HUN;1985;
HUN;1986;
HUN;1987;
HUN;1988;
HUN;1989;
HUN;1990;
HUN;1991;
HUN;1992;
HUN;1993;
HUN;1994;
HUN;1995;0.0
HUN;1996;0.0
HUN;1997;0.0
HUN;1998;0.0
HUN;1999;0.0
HUN;2000;0.0
HUN;2001;0.0
HUN;2002;0.0
HUN;2003;0.0
HUN;2004;0.0
HUN;2005;0.0
HUN;2006;0.0
HUN;2007;0.0
HUN;2008;1.0
HUN;2009;1.0
HUN;2010;1.0
HUN;2011;0.0
HUN;2012;1.0
HUN;2013;0.0
HUN;2014;0.0
HUN;2015;0.0
HUN;2016;0.0
HUN;2017;0.0
HUN;2018;0.0
HUN;2019;0.0
HUN;2020;0.0
HUN;2021;0.0
HUN;2022;1.0
HUN;2023;
IDN;1950;
IDN;1951;
IDN;1952;
IDN;1953;
IDN;1954;
IDN;1955;
IDN;1956;
IDN;1957;
IDN;1958;
IDN;1959;
IDN;1960;
IDN;1961;
IDN;1962;
IDN;1963;
IDN;1964;
IDN;1965;
IDN;1966;
IDN;1967;
IDN;1968;
IDN;1969;
IDN;1970;
IDN;1971;
IDN;1972;
IDN;1973;
IDN;1974;
IDN;1975;
IDN;1976;
IDN;1977;
IDN;1978;
IDN;1979;
IDN;1980;
IDN;1981;
IDN;1982;
IDN;1983;
IDN;1984;
IDN;1985;
IDN;1986;
IDN;1987;
IDN;1988;
IDN;1989;
IDN;1990;
IDN;1991;1.0
IDN;1992;0.0
IDN;1993;0.0
IDN;1994;0.0
IDN;1995;0.0
IDN;1996;0.0
IDN;1997;0.0
IDN;1998;1.0
IDN;1999;1.0
IDN;2000;1.0
IDN;2001;1.0
IDN;2002;1.0
IDN;2003;0.0
IDN;2004;0.0
IDN;2005;0.0
IDN;2006;0.0
IDN;2007;0.0
IDN;2008;0.0
IDN;2009;0.0
IDN;2010;0.0
IDN;2011;0.0
IDN;2012;0.0
IDN;2013;0.0
IDN;2014;0.0
IDN;2015;0.0
IDN;2016;0.0
IDN;2017;0.0
IDN;2018;0.0
IDN;2019;0.0
IDN;2020;0.0
IDN;2021;0.0
IDN;2022;0.0
IDN;2023;
IND;1950;
IND;1951;
IND;1952;
IND;1953;
IND;1954;
IND;1955;
IND;1956;
IND;1957;
IND;1958;
IND;1959;
IND;1960;
IND;1961;
IND;1962;
IND;1963;
IND;1964;
IND;1965;
IND;1966;
IND;1967;
IND;1968;
IND;1969;
IND;1970;
IND;1971;
IND;1972;
IND;1973;
IND;1974;
IND;1975;
IND;1976;
IND;1977;
IND;1978;
IND;1979;
IND;1980;
IND;1981;
IND;1982;
IND;1983;
IND;1984;
IND;1985;
IND;1986;
IND;1987;
IND;1988;
IND;1989;
IND;1990;
IND;1991;0.0
IND;1992;0.0
IND;1993;1.0
IND;1994;1.0
IND;1995;0.0
IND;1996;0.0
IND;1997;0.0
IND;1998;0.0
IND;1999;0.0
IND;2000;0.0
IND;2001;0.0
IND;2002;0.0
IND;2003;0.0
IND;2004;0.0
IND;2005;0.0
IND;2006;0.0
IND;2007;0.0
IND;2008;0.0
IND;2009;0.0
IND;2010;0.0
IND;2011;0.0
IND;2012;0.0
IND;2013;0.0
IND;2014;0.0
IND;2015;0.0
IND;2016;0.0
IND;2017;0.0
IND;2018;0.0
IND;2019;0.0
IND;2020;0.0
IND;2021;0.0
IND;2022;0.0
IND;2023;
IRL;1950;
IRL;1951;
IRL;1952;
IRL;1953;
IRL;1954;
IRL;1955;
IRL;1956;
IRL;1957;
IRL;1958;
IRL;1959;
IRL;1960;
IRL;1961;
IRL;1962;
IRL;1963;
IRL;1964;
IRL;1965;
IRL;1966;
IRL;1967;
IRL;1968;
IRL;1969;
IRL;1970;
IRL;1971;
IRL;1972;
IRL;1973;
IRL;1974;0.0
IRL;1975;0.0
IRL;1976;0.0
IRL;1977;0.0
IRL;1978;0.0
IRL;1979;0.0
IRL;1980;0.0
IRL;1981;0.0
IRL;1982;0.0
IRL;1983;0.0
IRL;1984;0.0
IRL;1985;0.0
IRL;1986;0.0
IRL;1987;0.0
IRL;1988;0.0
IRL;1989;0.0
IRL;1990;0.0
IRL;1991;0.0
IRL;1992;0.0
IRL;1993;0.0
IRL;1994;0.0
IRL;1995;0.0
IRL;1996;0.0
IRL;1997;0.0
IRL;1998;0.0
IRL;1999;0.0
IRL;2000;0.0
IRL;2001;0.0
IRL;2002;0.0
IRL;2003;0.0
IRL;2004;0.0
IRL;2005;0.0
IRL;2006;0.0
IRL;2007;0.0
IRL;2008;1.0
IRL;2009;1.0
IRL;2010;1.0
IRL;2011;1.0
IRL;2012;1.0
IRL;2013;1.0
IRL;2014;1.0
IRL;2015;1.0
IRL;2016;1.0
IRL;2017;1.0
IRL;2018;0.0
IRL;2019;1.0
IRL;2020;1.0
IRL;2021;1.0
IRL;2022;1.0
IRL;2023;
ISR;1950;
ISR;1951;
ISR;1952;
ISR;1953;
ISR;1954;
ISR;1955;
ISR;1956;
ISR;1957;
ISR;1958;
ISR;1959;
ISR;1960;
ISR;1961;
ISR;1962;
ISR;1963;
ISR;1964;
ISR;1965;
ISR;1966;
ISR;1967;
ISR;1968;
ISR;1969;
ISR;1970;
ISR;1971;
ISR;1972;
ISR;1973;
ISR;1974;
ISR;1975;
ISR;1976;
ISR;1977;
ISR;1978;
ISR;1979;
ISR;1980;
ISR;1981;
ISR;1982;
ISR;1983;
ISR;1984;
ISR;1985;
ISR;1986;
ISR;1987;
ISR;1988;
ISR;1989;
ISR;1990;
ISR;1991;
ISR;1992;
ISR;1993;
ISR;1994;0.0
ISR;1995;0.0
ISR;1996;0.0
ISR;1997;0.0
ISR;1998;0.0
ISR;1999;0.0
ISR;2000;0.0
ISR;2001;0.0
ISR;2002;0.0
ISR;2003;0.0
ISR;2004;0.0
ISR;2005;0.0
ISR;2006;0.0
ISR;2007;0.0
ISR;2008;0.0
ISR;2009;1.0
ISR;2010;0.0
ISR;2011;0.0
ISR;2012;0.0
ISR;2013;0.0
ISR;2014;0.0
ISR;2015;0.0
ISR;2016;0.0
ISR;2017;0.0
ISR;2018;0.0
ISR;2019;0.0
ISR;2020;0.0
ISR;2021;0.0
ISR;2022;0.0
ISR;2023;
ITA;1950;
ITA;1951;
ITA;1952;
ITA;1953;
ITA;1954;
ITA;1955;
ITA;1956;
ITA;1957;
ITA;1958;
ITA;1959;
ITA;1960;
ITA;1961;
ITA;1962;
ITA;1963;
ITA;1964;
ITA;1965;
ITA;1966;
ITA;1967;
ITA;1968;
ITA;1969;
ITA;1970;
ITA;1971;
ITA;1972;
ITA;1973;
ITA;1974;0.0
ITA;1975;0.0
ITA;1976;0.0
ITA;1977;0.0
ITA;1978;0.0
ITA;1979;0.0
ITA;1980;0.0
ITA;1981;0.0
ITA;1982;0.0
ITA;1983;1.0
ITA;1984;0.0
ITA;1985;0.0
ITA;1986;0.0
ITA;1987;0.0
ITA;1988;1.0
ITA;1989;0.0
ITA;1990;0.0
ITA;1991;0.0
ITA;1992;0.0
ITA;1993;0.0
ITA;1994;0.0
ITA;1995;0.0
ITA;1996;0.0
ITA;1997;0.0
ITA;1998;0.0
ITA;1999;0.0
ITA;2000;0.0
ITA;2001;0.0
ITA;2002;1.0
ITA;2003;1.0
ITA;2004;0.0
ITA;2005;0.0
ITA;2006;0.0
ITA;2007;0.0
ITA;2008;1.0
ITA;2009;1.0
ITA;2010;1.0
ITA;2011;1.0
ITA;2012;1.0
ITA;2013;1.0
ITA;2014;1.0
ITA;2015;1.0
ITA;2016;1.0
ITA;2017;0.0
ITA;2018;0.0
ITA;2019;0.0
ITA;2020;1.0
ITA;2021;0.0
ITA;2022;0.0
ITA;2023;
JOR;1950;
JOR;1951;
JOR;1952;
JOR;1953;
JOR;1954;
JOR;1955;
JOR;1956;
JOR;1957;
JOR;1958;
JOR;1959;
JOR;1960;
JOR;1961;
JOR;1962;
JOR;1963;
JOR;1964;
JOR;1965;
JOR;1966;
JOR;1967;
JOR;1968;
JOR;1969;
JOR;1970;
JOR;1971;
JOR;1972;
JOR;1973;
JOR;1974;
JOR;1975;
JOR;1976;
JOR;1977;
JOR;1978;
JOR;1979;
JOR;1980;
JOR;1981;
JOR;1982;
JOR;1983;
JOR;1984;
JOR;1985;
JOR;1986;
JOR;1987;
JOR;1988;
JOR;1989;
JOR;1990;
JOR;1991;
JOR;1992;
JOR;1993;
JOR;1994;
JOR;1995;
JOR;1996;
JOR;1997;
JOR;1998;
JOR;1999;
JOR;2000;
JOR;2001;
JOR;2002;
JOR;2003;
JOR;2004;
JOR;2005;
JOR;2006;
JOR;2007;0.0
JOR;2008;0.0
JOR;2009;0.0
JOR;2010;1.0
JOR;2011;1.0
JOR;2012;1.0
JOR;2013;1.0
JOR;2014;1.0
JOR;2015;0.0
JOR;2016;0.0
JOR;2017;0.0
JOR;2018;0.0
JOR;2019;0.0
JOR;2020;1.0
JOR;2021;0.0
JOR;2022;0.0
JOR;2023;
JPN;1950;
JPN;1951;
JPN;1952;
JPN;1953;
JPN;1954;
JPN;1955;
JPN;1956;
JPN;1957;
JPN;1958;
JPN;1959;
JPN;1960;
JPN;1961;
JPN;1962;
JPN;1963;
JPN;1964;
JPN;1965;
JPN;1966;
JPN;1967;
JPN;1968;
JPN;1969;
JPN;1970;
JPN;1971;
JPN;1972;
JPN;1973;
JPN;1974;0.0
JPN;1975;0.0
JPN;1976;0.0
JPN;1977;0.0
JPN;1978;0.0
JPN;1979;0.0
JPN;1980;0.0
JPN;1981;0.0
JPN;1982;0.0
JPN;1983;0.0
JPN;1984;0.0
JPN;1985;0.0
JPN;1986;0.0
JPN;1987;0.0
JPN;1988;0.0
JPN;1989;0.0
JPN;1990;0.0
JPN;1991;0.0
JPN;1992;1.0
JPN;1993;0.0
JPN;1994;0.0
JPN;1995;0.0
JPN;1996;0.0
JPN;1997;0.0
JPN;1998;1.0
JPN;1999;1.0
JPN;2000;0.0
JPN;2001;1.0
JPN;2002;1.0
JPN;2003;1.0
JPN;2004;1.0
JPN;2005;0.0
JPN;2006;0.0
JPN;2007;0.0
JPN;2008;1.0
JPN;2009;1.0
JPN;2010;1.0
JPN;2011;1.0
JPN;2012;1.0
JPN;2013;1.0
JPN;2014;1.0
JPN;2015;1.0
JPN;2016;0.0
JPN;2017;0.0
JPN;2018;0.0
JPN;2019;0.0
JPN;2020;1.0
JPN;2021;0.0
JPN;2022;0.0
JPN;2023;
KOR;1950;
KOR;1951;
KOR;1952;
KOR;1953;
KOR;1954;
KOR;1955;
KOR;1956;
KOR;1957;
KOR;1958;
KOR;1959;
KOR;1960;
KOR;1961;
KOR;1962;
KOR;1963;
KOR;1964;
KOR;1965;
KOR;1966;
KOR;1967;
KOR;1968;
KOR;1969;
KOR;1970;
KOR;1971;
KOR;1972;
KOR;1973;
KOR;1974;
KOR;1975;
KOR;1976;
KOR;1977;
KOR;1978;
KOR;1979;
KOR;1980;
KOR;1981;
KOR;1982;
KOR;1983;
KOR;1984;
KOR;1985;
KOR;1986;
KOR;1987;
KOR;1988;0.0
KOR;1989;0.0
KOR;1990;0.0
KOR;1991;0.0
KOR;1992;1.0
KOR;1993;1.0
KOR;1994;1.0
KOR;1995;0.0
KOR;1996;0.0
KOR;1997;1.0
KOR;1998;1.0
KOR;1999;1.0
KOR;2000;1.0
KOR;2001;1.0
KOR;2002;0.0
KOR;2003;0.0
KOR;2004;0.0
KOR;2005;0.0
KOR;2006;0.0
KOR;2007;0.0
KOR;2008;0.0
KOR;2009;1.0
KOR;2010;0.0
KOR;2011;0.0
KOR;2012;0.0
KOR;2013;0.0
KOR;2014;0.0
KOR;2015;0.0
KOR;2016;0.0
KOR;2017;0.0
KOR;2018;0.0
KOR;2019;0.0
KOR;2020;1.0
KOR;2021;0.0
KOR;2022;0.0
KOR;2023;
KWT;1950;
KWT;1951;
KWT;1952;
KWT;1953;
KWT;1954;
KWT;1955;
KWT;1956;
KWT;1957;
KWT;1958;
KWT;1959;
KWT;1960;
KWT;1961;
KWT;1962;
KWT;1963;
KWT;1964;
KWT;1965;
KWT;1966;
KWT;1967;
KWT;1968;
KWT;1969;
KWT;1970;
KWT;1971;
KWT;1972;
KWT;1973;
KWT;1974;
KWT;1975;
KWT;1976;
KWT;1977;
KWT;1978;
KWT;1979;
KWT;1980;
KWT;1981;
KWT;1982;
KWT;1983;
KWT;1984;
KWT;1985;
KWT;1986;
KWT;1987;
KWT;1988;
KWT;1989;
KWT;1990;
KWT;1991;
KWT;1992;
KWT;1993;
KWT;1994;
KWT;1995;
KWT;1996;
KWT;1997;
KWT;1998;
KWT;1999;
KWT;2000;
KWT;2001;
KWT;2002;
KWT;2003;
KWT;2004;0.0
KWT;2005;0.0
KWT;2006;0.0
KWT;2007;0.0
KWT;2008;0.0
KWT;2009;1.0
KWT;2010;1.0
KWT;2011;1.0
KWT;2012;0.0
KWT;2013;0.0
KWT;2014;0.0
KWT;2015;0.0
KWT;2016;0.0
KWT;2017;0.0
KWT;2018;0.0
KWT;2019;0.0
KWT;2020;0.0
KWT;2021;0.0
KWT;2022;0.0
KWT;2023;
LKA;1950;
LKA;1951;
LKA;1952;
LKA;1953;
LKA;1954;
LKA;1955;
LKA;1956;
LKA;1957;
LKA;1958;
LKA;1959;
LKA;1960;
LKA;1961;
LKA;1962;
LKA;1963;
LKA;1964;
LKA;1965;
LKA;1966;
LKA;1967;
LKA;1968;
LKA;1969;
LKA;1970;
LKA;1971;
LKA;1972;
LKA;1973;
LKA;1974;
LKA;1975;
LKA;1976;
LKA;1977;
LKA;1978;
LKA;1979;
LKA;1980;
LKA;1981;
LKA;1982;
LKA;1983;
LKA;1984;
LKA;1985;
LKA;1986;
LKA;1987;
LKA;1988;0.0
LKA;1989;0.0
LKA;1990;0.0
LKA;1991;0.0
LKA;1992;0.0
LKA;1993;0.0
LKA;1994;0.0
LKA;1995;0.0
LKA;1996;1.0
LKA;1997;1.0
LKA;1998;0.0
LKA;1999;1.0
LKA;2000;1.0
LKA;2001;1.0
LKA;2002;0.0
LKA;2003;0.0
LKA;2004;0.0
LKA;2005;0.0
LKA;2006;0.0
LKA;2007;0.0
LKA;2008;0.0
LKA;2009;0.0
LKA;2010;0.0
LKA;2011;0.0
LKA;2012;0.0
LKA;2013;0.0
LKA;2014;0.0
LKA;2015;0.0
LKA;2016;0.0
LKA;2017;0.0
LKA;2018;0.0
LKA;2019;0.0
LKA;2020;1.0
LKA;2021;1.0
LKA;2022;0.0
LKA;2023;
LTU;1950;
LTU;1951;
LTU;1952;
LTU;1953;
LTU;1954;
LTU;1955;
LTU;1956;
LTU;1957;
LTU;1958;
LTU;1959;
LTU;1960;
LTU;1961;
LTU;1962;
LTU;1963;
LTU;1964;
LTU;1965;
LTU;1966;
LTU;1967;
LTU;1968;
LTU;1969;
LTU;1970;
LTU;1971;
LTU;1972;
LTU;1973;
LTU;1974;
LTU;1975;
LTU;1976;
LTU;1977;
LTU;1978;
LTU;1979;
LTU;1980;
LTU;1981;
LTU;1982;
LTU;1983;
LTU;1984;
LTU;1985;
LTU;1986;
LTU;1987;
LTU;1988;
LTU;1989;
LTU;1990;
LTU;1991;
LTU;1992;
LTU;1993;
LTU;1994;
LTU;1995;
LTU;1996;
LTU;1997;
LTU;1998;
LTU;1999;0.0
LTU;2000;0.0
LTU;2001;0.0
LTU;2002;0.0
LTU;2003;0.0
LTU;2004;0.0
LTU;2005;0.0
LTU;2006;0.0
LTU;2007;0.0
LTU;2008;1.0
LTU;2009;1.0
LTU;2010;1.0
LTU;2011;0.0
LTU;2012;0.0
LTU;2013;0.0
LTU;2014;0.0
LTU;2015;0.0
LTU;2016;0.0
LTU;2017;0.0
LTU;2018;0.0
LTU;2019;0.0
LTU;2020;0.0
LTU;2021;0.0
LTU;2022;0.0
LTU;2023;
LUX;1950;
LUX;1951;
LUX;1952;
LUX;1953;
LUX;1954;
LUX;1955;
LUX;1956;
LUX;1957;
LUX;1958;
LUX;1959;
LUX;1960;
LUX;1961;
LUX;1962;
LUX;1963;
LUX;1964;
LUX;1965;
LUX;1966;
LUX;1967;
LUX;1968;
LUX;1969;
LUX;1970;
LUX;1971;
LUX;1972;
LUX;1973;
LUX;1974;
LUX;1975;
LUX;1976;
LUX;1977;
LUX;1978;
LUX;1979;
LUX;1980;
LUX;1981;
LUX;1982;
LUX;1983;
LUX;1984;
LUX;1985;
LUX;1986;
LUX;1987;
LUX;1988;
LUX;1989;
LUX;1990;
LUX;1991;
LUX;1992;
LUX;1993;0.0
LUX;1994;0.0
LUX;1995;0.0
LUX;1996;0.0
LUX;1997;0.0
LUX;1998;0.0
LUX;1999;0.0
LUX;2000;0.0
LUX;2001;0.0
LUX;2002;0.0
LUX;2003;0.0
LUX;2004;0.0
LUX;2005;0.0
LUX;2006;0.0
LUX;2007;0.0
LUX;2008;1.0
LUX;2009;1.0
LUX;2010;1.0
LUX;2011;0.0
LUX;2012;1.0
LUX;2013;1.0
LUX;2014;1.0
LUX;2015;1.0
LUX;2016;1.0
LUX;2017;1.0
LUX;2018;1.0
LUX;2019;1.0
LUX;2020;1.0
LUX;2021;1.0
LUX;2022;1.0
LUX;2023;
MAR;1950;
MAR;1951;
MAR;1952;
MAR;1953;
MAR;1954;
MAR;1955;
MAR;1956;
MAR;1957;
MAR;1958;
MAR;1959;
MAR;1960;
MAR;1961;
MAR;1962;
MAR;1963;
MAR;1964;
MAR;1965;
MAR;1966;
MAR;1967;
MAR;1968;
MAR;1969;
MAR;1970;
MAR;1971;
MAR;1972;
MAR;1973;
MAR;1974;
MAR;1975;
MAR;1976;
MAR;1977;
MAR;1978;
MAR;1979;
MAR;1980;
MAR;1981;
MAR;1982;
MAR;1983;
MAR;1984;
MAR;1985;
MAR;1986;
MAR;1987;
MAR;1988;
MAR;1989;
MAR;1990;
MAR;1991;
MAR;1992;
MAR;1993;
MAR;1994;
MAR;1995;0.0
MAR;1996;0.0
MAR;1997;0.0
MAR;1998;0.0
MAR;1999;0.0
MAR;2000;0.0
MAR;2001;1.0
MAR;2002;1.0
MAR;2003;1.0
MAR;2004;0.0
MAR;2005;0.0
MAR;2006;0.0
MAR;2007;0.0
MAR;2008;0.0
MAR;2009;0.0
MAR;2010;0.0
MAR;2011;0.0
MAR;2012;0.0
MAR;2013;0.0
MAR;2014;0.0
MAR;2015;0.0
MAR;2016;0.0
MAR;2017;0.0
MAR;2018;0.0
MAR;2019;0.0
MAR;2020;0.0
MAR;2021;0.0
MAR;2022;0.0
MAR;2023;
MEX;1950;
MEX;1951;
MEX;1952;
MEX;1953;
MEX;1954;
MEX;1955;
MEX;1956;
MEX;1957;
MEX;1958;
MEX;1959;
MEX;1960;
MEX;1961;
MEX;1962;
MEX;1963;
MEX;1964;
MEX;1965;
MEX;1966;
MEX;1967;
MEX;1968;
MEX;1969;
MEX;1970;
MEX;1971;
MEX;1972;
MEX;1973;
MEX;1974;
MEX;1975;
MEX;1976;
MEX;1977;
MEX;1978;
MEX;1979;
MEX;1980;
MEX;1981;
MEX;1982;
MEX;1983;
MEX;1984;
MEX;1985;
MEX;1986;
MEX;1987;
MEX;1988;
MEX;1989;0.0
MEX;1990;0.0
MEX;1991;0.0
MEX;1992;0.0
MEX;1993;0.0
MEX;1994;0.0
MEX;1995;1.0
MEX;1996;0.0
MEX;1997;0.0
MEX;1998;0.0
MEX;1999;0.0
MEX;2000;0.0
MEX;2001;0.0
MEX;2002;0.0
MEX;2003;0.0
MEX;2004;0.0
MEX;2005;0.0
MEX;2006;0.0
MEX;2007;0.0
MEX;2008;0.0
MEX;2009;0.0
MEX;2010;0.0
MEX;2011;0.0
MEX;2012;0.0
MEX;2013;0.0
MEX;2014;0.0
MEX;2015;0.0
MEX;2016;0.0
MEX;2017;0.0
MEX;2018;0.0
MEX;2019;0.0
MEX;2020;1.0
MEX;2021;0.0
MEX;2022;0.0
MEX;2023;
MLT;1950;
MLT;1951;
MLT;1952;
MLT;1953;
MLT;1954;
MLT;1955;
MLT;1956;
MLT;1957;
MLT;1958;
MLT;1959;
MLT;1960;
MLT;1961;
MLT;1962;
MLT;1963;
MLT;1964;
MLT;1965;
MLT;1966;
MLT;1967;
MLT;1968;
MLT;1969;
MLT;1970;
MLT;1971;
MLT;1972;
MLT;1973;
MLT;1974;
MLT;1975;
MLT;1976;
MLT;1977;
MLT;1978;
MLT;1979;
MLT;1980;
MLT;1981;
MLT;1982;
MLT;1983;
MLT;1984;
MLT;1985;
MLT;1986;
MLT;1987;
MLT;1988;
MLT;1989;
MLT;1990;
MLT;1991;
MLT;1992;
MLT;1993;
MLT;1994;
MLT;1995;
MLT;1996;
MLT;1997;
MLT;1998;
MLT;1999;
MLT;2000;
MLT;2001;0.0
MLT;2002;0.0
MLT;2003;0.0
MLT;2004;0.0
MLT;2005;0.0
MLT;2006;0.0
MLT;2007;0.0
MLT;2008;0.0
MLT;2009;1.0
MLT;2010;1.0
MLT;2011;0.0
MLT;2012;0.0
MLT;2013;0.0
MLT;2014;0.0
MLT;2015;0.0
MLT;2016;0.0
MLT;2017;0.0
MLT;2018;0.0
MLT;2019;0.0
MLT;2020;1.0
MLT;2021;1.0
MLT;2022;1.0
MLT;2023;
MYS;1950;
MYS;1951;
MYS;1952;
MYS;1953;
MYS;1954;
MYS;1955;
MYS;1956;
MYS;1957;
MYS;1958;
MYS;1959;
MYS;1960;
MYS;1961;
MYS;1962;
MYS;1963;
MYS;1964;
MYS;1965;
MYS;1966;
MYS;1967;
MYS;1968;
MYS;1969;
MYS;1970;
MYS;1971;
MYS;1972;
MYS;1973;
MYS;1974;
MYS;1975;
MYS;1976;
MYS;1977;
MYS;1978;
MYS;1979;
MYS;1980;
MYS;1981;
MYS;1982;
MYS;1983;
MYS;1984;
MYS;1985;
MYS;1986;
MYS;1987;0.0
MYS;1988;0.0
MYS;1989;0.0
MYS;1990;0.0
MYS;1991;0.0
MYS;1992;0.0
MYS;1993;0.0
MYS;1994;0.0
MYS;1995;0.0
MYS;1996;0.0
MYS;1997;0.0
MYS;1998;1.0
MYS;1999;0.0
MYS;2000;0.0
MYS;2001;0.0
MYS;2002;0.0
MYS;2003;0.0
MYS;2004;0.0
MYS;2005;0.0
MYS;2006;0.0
MYS;2007;0.0
MYS;2008;0.0
MYS;2009;0.0
MYS;2010;0.0
MYS;2011;0.0
MYS;2012;0.0
MYS;2013;0.0
MYS;2014;0.0
MYS;2015;0.0
MYS;2016;0.0
MYS;2017;0.0
MYS;2018;0.0
MYS;2019;0.0
MYS;2020;0.0
MYS;2021;0.0
MYS;2022;0.0
MYS;2023;
NGA;1950;
NGA;1951;
NGA;1952;
NGA;1953;
NGA;1954;
NGA;1955;
NGA;1956;
NGA;1957;
NGA;1958;
NGA;1959;
NGA;1960;
NGA;1961;
NGA;1962;
NGA;1963;
NGA;1964;
NGA;1965;
NGA;1966;
NGA;1967;
NGA;1968;
NGA;1969;
NGA;1970;
NGA;1971;
NGA;1972;
NGA;1973;
NGA;1974;
NGA;1975;
NGA;1976;
NGA;1977;
NGA;1978;
NGA;1979;
NGA;1980;
NGA;1981;
NGA;1982;
NGA;1983;
NGA;1984;
NGA;1985;
NGA;1986;
NGA;1987;
NGA;1988;
NGA;1989;
NGA;1990;
NGA;1991;
NGA;1992;
NGA;1993;
NGA;1994;
NGA;1995;
NGA;1996;
NGA;1997;
NGA;1998;
NGA;1999;
NGA;2000;
NGA;2001;
NGA;2002;
NGA;2003;
NGA;2004;
NGA;2005;
NGA;2006;
NGA;2007;
NGA;2008;
NGA;2009;
NGA;2010;0.0
NGA;2011;0.0
NGA;2012;0.0
NGA;2013;0.0
NGA;2014;0.0
NGA;2015;0.0
NGA;2016;1.0
NGA;2017;0.0
NGA;2018;0.0
NGA;2019;0.0
NGA;2020;1.0
NGA;2021;0.0
NGA;2022;0.0
NGA;2023;
NLD;1950;
NLD;1951;
NLD;1952;
NLD;1953;
NLD;1954;
NLD;1955;
NLD;1956;
NLD;1957;
NLD;1958;
NLD;1959;
NLD;1960;
NLD;1961;
NLD;1962;
NLD;1963;
NLD;1964;
NLD;1965;
NLD;1966;
NLD;1967;
NLD;1968;
NLD;1969;
NLD;1970;
NLD;1971;
NLD;1972;
NLD;1973;
NLD;1974;0.0
NLD;1975;0.0
NLD;1976;0.0
NLD;1977;0.0
NLD;1978;0.0
NLD;1979;0.0
NLD;1980;0.0
NLD;1981;0.0
NLD;1982;0.0
NLD;1983;0.0
NLD;1984;0.0
NLD;1985;0.0
NLD;1986;0.0
NLD;1987;0.0
NLD;1988;1.0
NLD;1989;0.0
NLD;1990;0.0
NLD;1991;0.0
NLD;1992;0.0
NLD;1993;0.0
NLD;1994;0.0
NLD;1995;0.0
NLD;1996;0.0
NLD;1997;0.0
NLD;1998;0.0
NLD;1999;0.0
NLD;2000;0.0
NLD;2001;0.0
NLD;2002;1.0
NLD;2003;1.0
NLD;2004;1.0
NLD;2005;0.0
NLD;2006;0.0
NLD;2007;0.0
NLD;2008;1.0
NLD;2009;1.0
NLD;2010;1.0
NLD;2011;1.0
NLD;2012;1.0
NLD;2013;1.0
NLD;2014;1.0
NLD;2015;1.0
NLD;2016;0.0
NLD;2017;0.0
NLD;2018;0.0
NLD;2019;0.0
NLD;2020;1.0
NLD;2021;1.0
NLD;2022;0.0
NLD;2023;
NOR;1950;
NOR;1951;
NOR;1952;
NOR;1953;
NOR;1954;
NOR;1955;
NOR;1956;
NOR;1957;
NOR;1958;
NOR;1959;
NOR;1960;
NOR;1961;
NOR;1962;
NOR;1963;
NOR;1964;
NOR;1965;
NOR;1966;
NOR;1967;
NOR;1968;
NOR;1969;
NOR;1970;
NOR;1971;
NOR;1972;
NOR;1973;
NOR;1974;
NOR;1975;
NOR;1976;
NOR;1977;
NOR;1978;
NOR;1979;
NOR;1980;
NOR;1981;
NOR;1982;
NOR;1983;
NOR;1984;
NOR;1985;
NOR;1986;
NOR;1987;
NOR;1988;
NOR;1989;
NOR;1990;
NOR;1991;0.0
NOR;1992;0.0
NOR;1993;0.0
NOR;1994;0.0
NOR;1995;0.0
NOR;1996;0.0
NOR;1997;0.0
NOR;1998;0.0
NOR;1999;0.0
NOR;2000;0.0
NOR;2001;0.0
NOR;2002;0.0
NOR;2003;0.0
NOR;2004;0.0
NOR;2005;0.0
NOR;2006;0.0
NOR;2007;0.0
NOR;2008;0.0
NOR;2009;1.0
NOR;2010;0.0
NOR;2011;0.0
NOR;2012;0.0
NOR;2013;0.0
NOR;2014;0.0
NOR;2015;0.0
NOR;2016;0.0
NOR;2017;0.0
NOR;2018;0.0
NOR;2019;0.0
NOR;2020;0.0
NOR;2021;0.0
NOR;2022;0.0
NOR;2023;
NZL;1950;
NZL;1951;
NZL;1952;
NZL;1953;
NZL;1954;
NZL;1955;
NZL;1956;
NZL;1957;
NZL;1958;
NZL;1959;
NZL;1960;
NZL;1961;
NZL;1962;
NZL;1963;
NZL;1964;
NZL;1965;
NZL;1966;
NZL;1967;
NZL;1968;
NZL;1969;
NZL;1970;
NZL;1971;
NZL;1972;
NZL;1973;
NZL;1974;
NZL;1975;
NZL;1976;
NZL;1977;
NZL;1978;
NZL;1979;
NZL;1980;
NZL;1981;
NZL;1982;
NZL;1983;
NZL;1984;
NZL;1985;
NZL;1986;
NZL;1987;
NZL;1988;
NZL;1989;
NZL;1990;
NZL;1991;
NZL;1992;
NZL;1993;
NZL;1994;
NZL;1995;
NZL;1996;
NZL;1997;
NZL;1998;
NZL;1999;
NZL;2000;
NZL;2001;
NZL;2002;
NZL;2003;
NZL;2004;
NZL;2005;
NZL;2006;
NZL;2007;
NZL;2008;
NZL;2009;
NZL;2010;
NZL;2011;0.0
NZL;2012;0.0
NZL;2013;0.0
NZL;2014;0.0
NZL;2015;0.0
NZL;2016;0.0
NZL;2017;0.0
NZL;2018;0.0
NZL;2019;0.0
NZL;2020;0.0
NZL;2021;0.0
NZL;2022;0.0
NZL;2023;
OMN;1950;
OMN;1951;
OMN;1952;
OMN;1953;
OMN;1954;
OMN;1955;
OMN;1956;
OMN;1957;
OMN;1958;
OMN;1959;
OMN;1960;
OMN;1961;
OMN;1962;
OMN;1963;
OMN;1964;
OMN;1965;
OMN;1966;
OMN;1967;
OMN;1968;
OMN;1969;
OMN;1970;
OMN;1971;
OMN;1972;
OMN;1973;
OMN;1974;
OMN;1975;
OMN;1976;
OMN;1977;
OMN;1978;
OMN;1979;
OMN;1980;
OMN;1981;
OMN;1982;
OMN;1983;
OMN;1984;
OMN;1985;
OMN;1986;
OMN;1987;
OMN;1988;
OMN;1989;
OMN;1990;
OMN;1991;
OMN;1992;
OMN;1993;
OMN;1994;
OMN;1995;
OMN;1996;
OMN;1997;
OMN;1998;
OMN;1999;
OMN;2000;
OMN;2001;
OMN;2002;
OMN;2003;
OMN;2004;
OMN;2005;
OMN;2006;0.0
OMN;2007;0.0
OMN;2008;0.0
OMN;2009;1.0
OMN;2010;0.0
OMN;2011;0.0
OMN;2012;0.0
OMN;2013;0.0
OMN;2014;0.0
OMN;2015;0.0
OMN;2016;0.0
OMN;2017;0.0
OMN;2018;0.0
OMN;2019;0.0
OMN;2020;0.0
OMN;2021;0.0
OMN;2022;0.0
OMN;2023;
PAK;1950;
PAK;1951;
PAK;1952;
PAK;1953;
PAK;1954;
PAK;1955;
PAK;1956;
PAK;1957;
PAK;1958;
PAK;1959;
PAK;1960;
PAK;1961;
PAK;1962;
PAK;1963;
PAK;1964;
PAK;1965;
PAK;1966;
PAK;1967;
PAK;1968;
PAK;1969;
PAK;1970;
PAK;1971;
PAK;1972;
PAK;1973;
PAK;1974;
PAK;1975;
PAK;1976;
PAK;1977;
PAK;1978;
PAK;1979;
PAK;1980;
PAK;1981;
PAK;1982;
PAK;1983;
PAK;1984;
PAK;1985;
PAK;1986;
PAK;1987;
PAK;1988;
PAK;1989;
PAK;1990;
PAK;1991;
PAK;1992;
PAK;1993;0.0
PAK;1994;0.0
PAK;1995;1.0
PAK;1996;1.0
PAK;1997;1.0
PAK;1998;1.0
PAK;1999;1.0
PAK;2000;0.0
PAK;2001;0.0
PAK;2002;0.0
PAK;2003;0.0
PAK;2004;0.0
PAK;2005;0.0
PAK;2006;0.0
PAK;2007;0.0
PAK;2008;0.0
PAK;2009;1.0
PAK;2010;1.0
PAK;2011;0.0
PAK;2012;0.0
PAK;2013;0.0
PAK;2014;0.0
PAK;2015;0.0
PAK;2016;0.0
PAK;2017;0.0
PAK;2018;0.0
PAK;2019;0.0
PAK;2020;0.0
PAK;2021;0.0
PAK;2022;0.0
PAK;2023;
PER;1950;
PER;1951;
PER;1952;
PER;1953;
PER;1954;
PER;1955;
PER;1956;
PER;1957;
PER;1958;
PER;1959;
PER;1960;
PER;1961;
PER;1962;
PER;1963;
PER;1964;
PER;1965;
PER;1966;
PER;1967;
PER;1968;
PER;1969;
PER;1970;
PER;1971;
PER;1972;
PER;1973;
PER;1974;
PER;1975;
PER;1976;
PER;1977;
PER;1978;
PER;1979;
PER;1980;
PER;1981;
PER;1982;
PER;1983;
PER;1984;
PER;1985;
PER;1986;
PER;1987;
PER;1988;
PER;1989;
PER;1990;
PER;1991;
PER;1992;
PER;1993;
PER;1994;
PER;1995;0.0
PER;1996;0.0
PER;1997;0.0
PER;1998;1.0
PER;1999;1.0
PER;2000;1.0
PER;2001;1.0
PER;2002;1.0
PER;2003;1.0
PER;2004;1.0
PER;2005;0.0
PER;2006;0.0
PER;2007;0.0
PER;2008;0.0
PER;2009;0.0
PER;2010;0.0
PER;2011;0.0
PER;2012;0.0
PER;2013;0.0
PER;2014;0.0
PER;2015;0.0
PER;2016;0.0
PER;2017;0.0
PER;2018;0.0
PER;2019;0.0
PER;2020;0.0
PER;2021;0.0
PER;2022;1.0
PER;2023;
PHL;1950;
PHL;1951;
PHL;1952;
PHL;1953;
PHL;1954;
PHL;1955;
PHL;1956;
PHL;1957;
PHL;1958;
PHL;1959;
PHL;1960;
PHL;1961;
PHL;1962;
PHL;1963;
PHL;1964;
PHL;1965;
PHL;1966;
PHL;1967;
PHL;1968;
PHL;1969;
PHL;1970;
PHL;1971;
PHL;1972;
PHL;1973;
PHL;1974;
PHL;1975;
PHL;1976;
PHL;1977;
PHL;1978;
PHL;1979;
PHL;1980;
PHL;1981;
PHL;1982;
PHL;1983;
PHL;1984;
PHL;1985;
PHL;1986;
PHL;1987;
PHL;1988;
PHL;1989;
PHL;1990;0.0
PHL;1991;0.0
PHL;1992;0.0
PHL;1993;0.0
PHL;1994;0.0
PHL;1995;0.0
PHL;1996;0.0
PHL;1997;0.0
PHL;1998;1.0
PHL;1999;0.0
PHL;2000;0.0
PHL;2001;0.0
PHL;2002;1.0
PHL;2003;1.0
PHL;2004;1.0
PHL;2005;0.0
PHL;2006;0.0
PHL;2007;0.0
PHL;2008;0.0
PHL;2009;1.0
PHL;2010;0.0
PHL;2011;0.0
PHL;2012;0.0
PHL;2013;0.0
PHL;2014;0.0
PHL;2015;0.0
PHL;2016;0.0
PHL;2017;0.0
PHL;2018;0.0
PHL;2019;0.0
PHL;2020;1.0
PHL;2021;0.0
PHL;2022;0.0
PHL;2023;
POL;1950;
POL;1951;
POL;1952;
POL;1953;
POL;1954;
POL;1955;
POL;1956;
POL;1957;
POL;1958;
POL;1959;
POL;1960;
POL;1961;
POL;1962;
POL;1963;
POL;1964;
POL;1965;
POL;1966;
POL;1967;
POL;1968;
POL;1969;
POL;1970;
POL;1971;
POL;1972;
POL;1973;
POL;1974;
POL;1975;
POL;1976;
POL;1977;
POL;1978;
POL;1979;
POL;1980;
POL;1981;
POL;1982;
POL;1983;
POL;1984;
POL;1985;
POL;1986;
POL;1987;
POL;1988;
POL;1989;
POL;1990;
POL;1991;
POL;1992;
POL;1993;
POL;1994;
POL;1995;1.0
POL;1996;0.0
POL;1997;0.0
POL;1998;0.0
POL;1999;0.0
POL;2000;0.0
POL;2001;0.0
POL;2002;0.0
POL;2003;0.0
POL;2004;0.0
POL;2005;0.0
POL;2006;0.0
POL;2007;0.0
POL;2008;0.0
POL;2009;1.0
POL;2010;0.0
POL;2011;0.0
POL;2012;0.0
POL;2013;0.0
POL;2014;0.0
POL;2015;0.0
POL;2016;0.0
POL;2017;0.0
POL;2018;0.0
POL;2019;0.0
POL;2020;1.0
POL;2021;0.0
POL;2022;0.0
POL;2023;
PRT;1950;
PRT;1951;
PRT;1952;
PRT;1953;
PRT;1954;
PRT;1955;
PRT;1956;
PRT;1957;
PRT;1958;
PRT;1959;
PRT;1960;
PRT;1961;
PRT;1962;
PRT;1963;
PRT;1964;
PRT;1965;
PRT;1966;
PRT;1967;
PRT;1968;
PRT;1969;
PRT;1970;
PRT;1971;
PRT;1972;
PRT;1973;
PRT;1974;
PRT;1975;
PRT;1976;
PRT;1977;
PRT;1978;
PRT;1979;
PRT;1980;
PRT;1981;
PRT;1982;
PRT;1983;
PRT;1984;
PRT;1985;
PRT;1986;
PRT;1987;
PRT;1988;
PRT;1989;
PRT;1990;
PRT;1991;0.0
PRT;1992;0.0
PRT;1993;0.0
PRT;1994;0.0
PRT;1995;0.0
PRT;1996;0.0
PRT;1997;0.0
PRT;1998;0.0
PRT;1999;0.0
PRT;2000;0.0
PRT;2001;0.0
PRT;2002;0.0
PRT;2003;1.0
PRT;2004;1.0
PRT;2005;0.0
PRT;2006;0.0
PRT;2007;0.0
PRT;2008;1.0
PRT;2009;1.0
PRT;2010;1.0
PRT;2011;1.0
PRT;2012;1.0
PRT;2013;1.0
PRT;2014;1.0
PRT;2015;1.0
PRT;2016;1.0
PRT;2017;1.0
PRT;2018;1.0
PRT;2019;0.0
PRT;2020;1.0
PRT;2021;1.0
PRT;2022;1.0
PRT;2023;
QAT;1950;
QAT;1951;
QAT;1952;
QAT;1953;
QAT;1954;
QAT;1955;
QAT;1956;
QAT;1957;
QAT;1958;
QAT;1959;
QAT;1960;
QAT;1961;
QAT;1962;
QAT;1963;
QAT;1964;
QAT;1965;
QAT;1966;
QAT;1967;
QAT;1968;
QAT;1969;
QAT;1970;
QAT;1971;
QAT;1972;
QAT;1973;
QAT;1974;
QAT;1975;
QAT;1976;
QAT;1977;
QAT;1978;
QAT;1979;
QAT;1980;
QAT;1981;
QAT;1982;
QAT;1983;
QAT;1984;
QAT;1985;
QAT;1986;
QAT;1987;
QAT;1988;
QAT;1989;
QAT;1990;
QAT;1991;
QAT;1992;
QAT;1993;
QAT;1994;
QAT;1995;
QAT;1996;
QAT;1997;
QAT;1998;
QAT;1999;
QAT;2000;
QAT;2001;
QAT;2002;
QAT;2003;
QAT;2004;0.0
QAT;2005;0.0
QAT;2006;0.0
QAT;2007;0.0
QAT;2008;0.0
QAT;2009;1.0
QAT;2010;0.0
QAT;2011;0.0
QAT;2012;0.0
QAT;2013;0.0
QAT;2014;0.0
QAT;2015;0.0
QAT;2016;0.0
QAT;2017;0.0
QAT;2018;0.0
QAT;2019;0.0
QAT;2020;0.0
QAT;2021;0.0
QAT;2022;0.0
QAT;2023;
ROU;1950;
ROU;1951;
ROU;1952;
ROU;1953;
ROU;1954;
ROU;1955;
ROU;1956;
ROU;1957;
ROU;1958;
ROU;1959;
ROU;1960;
ROU;1961;
ROU;1962;
ROU;1963;
ROU;1964;
ROU;1965;
ROU;1966;
ROU;1967;
ROU;1968;
ROU;1969;
ROU;1970;
ROU;1971;
ROU;1972;
ROU;1973;
ROU;1974;
ROU;1975;
ROU;1976;
ROU;1977;
ROU;1978;
ROU;1979;
ROU;1980;
ROU;1981;
ROU;1982;
ROU;1983;
ROU;1984;
ROU;1985;
ROU;1986;
ROU;1987;
ROU;1988;
ROU;1989;
ROU;1990;
ROU;1991;
ROU;1992;
ROU;1993;
ROU;1994;
ROU;1995;
ROU;1996;
ROU;1997;
ROU;1998;0.0
ROU;1999;0.0
ROU;2000;0.0
ROU;2001;0.0
ROU;2002;0.0
ROU;2003;0.0
ROU;2004;0.0
ROU;2005;0.0
ROU;2006;0.0
ROU;2007;0.0
ROU;2008;1.0
ROU;2009;1.0
ROU;2010;1.0
ROU;2011;0.0
ROU;2012;0.0
ROU;2013;0.0
ROU;2014;0.0
ROU;2015;0.0
ROU;2016;0.0
ROU;2017;0.0
ROU;2018;0.0
ROU;2019;0.0
ROU;2020;0.0
ROU;2021;0.0
ROU;2022;0.0
ROU;2023;
RUS;1950;
RUS;1951;
RUS;1952;
RUS;1953;
RUS;1954;
RUS;1955;
RUS;1956;
RUS;1957;
RUS;1958;
RUS;1959;
RUS;1960;
RUS;1961;
RUS;1962;
RUS;1963;
RUS;1964;
RUS;1965;
RUS;1966;
RUS;1967;
RUS;1968;
RUS;1969;
RUS;1970;
RUS;1971;
RUS;1972;
RUS;1973;
RUS;1974;
RUS;1975;
RUS;1976;
RUS;1977;
RUS;1978;
RUS;1979;
RUS;1980;
RUS;1981;
RUS;1982;
RUS;1983;
RUS;1984;
RUS;1985;
RUS;1986;
RUS;1987;
RUS;1988;
RUS;1989;
RUS;1990;
RUS;1991;
RUS;1992;
RUS;1993;
RUS;1994;
RUS;1995;
RUS;1996;
RUS;1997;
RUS;1998;
RUS;1999;0.0
RUS;2000;0.0
RUS;2001;0.0
RUS;2002;0.0
RUS;2003;0.0
RUS;2004;0.0
RUS;2005;0.0
RUS;2006;0.0
RUS;2007;0.0
RUS;2008;1.0
RUS;2009;1.0
RUS;2010;0.0
RUS;2011;0.0
RUS;2012;0.0
RUS;2013;0.0
RUS;2014;0.0
RUS;2015;0.0
RUS;2016;0.0
RUS;2017;0.0
RUS;2018;0.0
RUS;2019;0.0
RUS;2020;0.0
RUS;2021;0.0
RUS;2022;1.0
RUS;2023;
SAU;1950;
SAU;1951;
SAU;1952;
SAU;1953;
SAU;1954;
SAU;1955;
SAU;1956;
SAU;1957;
SAU;1958;
SAU;1959;
SAU;1960;
SAU;1961;
SAU;1962;
SAU;1963;
SAU;1964;
SAU;1965;
SAU;1966;
SAU;1967;
SAU;1968;
SAU;1969;
SAU;1970;
SAU;1971;
SAU;1972;
SAU;1973;
SAU;1974;
SAU;1975;
SAU;1976;
SAU;1977;
SAU;1978;
SAU;1979;
SAU;1980;
SAU;1981;
SAU;1982;
SAU;1983;
SAU;1984;
SAU;1985;
SAU;1986;
SAU;1987;
SAU;1988;
SAU;1989;
SAU;1990;
SAU;1991;
SAU;1992;
SAU;1993;
SAU;1994;
SAU;1995;
SAU;1996;
SAU;1997;
SAU;1998;
SAU;1999;
SAU;2000;
SAU;2001;
SAU;2002;
SAU;2003;
SAU;2004;
SAU;2005;
SAU;2006;0.0
SAU;2007;1.0
SAU;2008;0.0
SAU;2009;0.0
SAU;2010;0.0
SAU;2011;0.0
SAU;2012;0.0
SAU;2013;0.0
SAU;2014;0.0
SAU;2015;0.0
SAU;2016;0.0
SAU;2017;0.0
SAU;2018;0.0
SAU;2019;0.0
SAU;2020;0.0
SAU;2021;0.0
SAU;2022;0.0
SAU;2023;
SGP;1950;
SGP;1951;
SGP;1952;
SGP;1953;
SGP;1954;
SGP;1955;
SGP;1956;
SGP;1957;
SGP;1958;
SGP;1959;
SGP;1960;
SGP;1961;
SGP;1962;
SGP;1963;
SGP;1964;
SGP;1965;
SGP;1966;
SGP;1967;
SGP;1968;
SGP;1969;
SGP;1970;
SGP;1971;
SGP;1972;
SGP;1973;
SGP;1974;1.0
SGP;1975;0.0
SGP;1976;0.0
SGP;1977;0.0
SGP;1978;0.0
SGP;1979;0.0
SGP;1980;0.0
SGP;1981;0.0
SGP;1982;0.0
SGP;1983;0.0
SGP;1984;0.0
SGP;1985;0.0
SGP;1986;0.0
SGP;1987;0.0
SGP;1988;0.0
SGP;1989;0.0
SGP;1990;0.0
SGP;1991;0.0
SGP;1992;0.0
SGP;1993;0.0
SGP;1994;0.0
SGP;1995;0.0
SGP;1996;0.0
SGP;1997;0.0
SGP;1998;1.0
SGP;1999;0.0
SGP;2000;0.0
SGP;2001;0.0
SGP;2002;0.0
SGP;2003;0.0
SGP;2004;0.0
SGP;2005;0.0
SGP;2006;0.0
SGP;2007;0.0
SGP;2008;0.0
SGP;2009;1.0
SGP;2010;0.0
SGP;2011;0.0
SGP;2012;0.0
SGP;2013;0.0
SGP;2014;0.0
SGP;2015;0.0
SGP;2016;0.0
SGP;2017;0.0
SGP;2018;0.0
SGP;2019;0.0
SGP;2020;0.0
SGP;2021;0.0
SGP;2022;0.0
SGP;2023;
SVK;1950;
SVK;1951;
SVK;1952;
SVK;1953;
SVK;1954;
SVK;1955;
SVK;1956;
SVK;1957;
SVK;1958;
SVK;1959;
SVK;1960;
SVK;1961;
SVK;1962;
SVK;1963;
SVK;1964;
SVK;1965;
SVK;1966;
SVK;1967;
SVK;1968;
SVK;1969;
SVK;1970;
SVK;1971;
SVK;1972;
SVK;1973;
SVK;1974;
SVK;1975;
SVK;1976;
SVK;1977;
SVK;1978;
SVK;1979;
SVK;1980;
SVK;1981;
SVK;1982;
SVK;1983;
SVK;1984;
SVK;1985;
SVK;1986;
SVK;1987;
SVK;1988;
SVK;1989;
SVK;1990;
SVK;1991;
SVK;1992;
SVK;1993;
SVK;1994;
SVK;1995;
SVK;1996;
SVK;1997;
SVK;1998;
SVK;1999;
SVK;2000;
SVK;2001;
SVK;2002;
SVK;2003;
SVK;2004;
SVK;2005;
SVK;2006;
SVK;2007;0.0
SVK;2008;0.0
SVK;2009;1.0
SVK;2010;1.0
SVK;2011;1.0
SVK;2012;0.0
SVK;2013;0.0
SVK;2014;0.0
SVK;2015;0.0
SVK;2016;0.0
SVK;2017;0.0
SVK;2018;0.0
SVK;2019;0.0
SVK;2020;0.0
SVK;2021;0.0
SVK;2022;0.0
SVK;2023;
SVN;1950;
SVN;1951;
SVN;1952;
SVN;1953;
SVN;1954;
SVN;1955;
SVN;1956;
SVN;1957;
SVN;1958;
SVN;1959;
SVN;1960;
SVN;1961;
SVN;1962;
SVN;1963;
SVN;1964;
SVN;1965;
SVN;1966;
SVN;1967;
SVN;1968;
SVN;1969;
SVN;1970;
SVN;1971;
SVN;1972;
SVN;1973;
SVN;1974;
SVN;1975;
SVN;1976;
SVN;1977;
SVN;1978;
SVN;1979;
SVN;1980;
SVN;1981;
SVN;1982;
SVN;1983;
SVN;1984;
SVN;1985;
SVN;1986;
SVN;1987;
SVN;1988;
SVN;1989;
SVN;1990;
SVN;1991;
SVN;1992;
SVN;1993;
SVN;1994;
SVN;1995;
SVN;1996;
SVN;1997;
SVN;1998;
SVN;1999;
SVN;2000;
SVN;2001;
SVN;2002;
SVN;2003;
SVN;2004;
SVN;2005;
SVN;2006;
SVN;2007;
SVN;2008;
SVN;2009;
SVN;2010;
SVN;2011;
SVN;2012;
SVN;2013;
SVN;2014;
SVN;2015;
SVN;2016;
SVN;2017;
SVN;2018;
SVN;2019;0.0
SVN;2020;0.0
SVN;2021;0.0
SVN;2022;0.0
SVN;2023;
SWE;1950;
SWE;1951;
SWE;1952;
SWE;1953;
SWE;1954;
SWE;1955;
SWE;1956;
SWE;1957;
SWE;1958;
SWE;1959;
SWE;1960;
SWE;1961;
SWE;1962;
SWE;1963;
SWE;1964;
SWE;1965;
SWE;1966;
SWE;1967;
SWE;1968;
SWE;1969;
SWE;1970;
SWE;1971;
SWE;1972;
SWE;1973;
SWE;1974;
SWE;1975;
SWE;1976;
SWE;1977;
SWE;1978;
SWE;1979;
SWE;1980;
SWE;1981;
SWE;1982;
SWE;1983;0.0
SWE;1984;0.0
SWE;1985;0.0
SWE;1986;0.0
SWE;1987;0.0
SWE;1988;0.0
SWE;1989;0.0
SWE;1990;0.0
SWE;1991;0.0
SWE;1992;1.0
SWE;1993;1.0
SWE;1994;0.0
SWE;1995;0.0
SWE;1996;0.0
SWE;1997;0.0
SWE;1998;0.0
SWE;1999;0.0
SWE;2000;0.0
SWE;2001;0.0
SWE;2002;0.0
SWE;2003;0.0
SWE;2004;0.0
SWE;2005;0.0
SWE;2006;0.0
SWE;2007;0.0
SWE;2008;1.0
SWE;2009;1.0
SWE;2010;0.0
SWE;2011;0.0
SWE;2012;0.0
SWE;2013;0.0
SWE;2014;0.0
SWE;2015;0.0
SWE;2016;0.0
SWE;2017;0.0
SWE;2018;0.0
SWE;2019;0.0
SWE;2020;0.0
SWE;2021;0.0
SWE;2022;0.0
SWE;2023;
THA;1950;
THA;1951;
THA;1952;
THA;1953;
THA;1954;
THA;1955;
THA;1956;
THA;1957;
THA;1958;
THA;1959;
THA;1960;
THA;1961;
THA;1962;
THA;1963;
THA;1964;
THA;1965;
THA;1966;
THA;1967;
THA;1968;
THA;1969;
THA;1970;
THA;1971;
THA;1972;
THA;1973;
THA;1974;
THA;1975;
THA;1976;
THA;1977;
THA;1978;
THA;1979;
THA;1980;
THA;1981;
THA;1982;
THA;1983;
THA;1984;
THA;1985;
THA;1986;
THA;1987;
THA;1988;0.0
THA;1989;0.0
THA;1990;0.0
THA;1991;0.0
THA;1992;0.0
THA;1993;0.0
THA;1994;0.0
THA;1995;0.0
THA;1996;0.0
THA;1997;1.0
THA;1998;1.0
THA;1999;1.0
THA;2000;1.0
THA;2001;1.0
THA;2002;1.0
THA;2003;1.0
THA;2004;0.0
THA;2005;0.0
THA;2006;0.0
THA;2007;0.0
THA;2008;0.0
THA;2009;0.0
THA;2010;0.0
THA;2011;0.0
THA;2012;0.0
THA;2013;0.0
THA;2014;0.0
THA;2015;0.0
THA;2016;0.0
THA;2017;0.0
THA;2018;0.0
THA;2019;0.0
THA;2020;1.0
THA;2021;1.0
THA;2022;0.0
THA;2023;
TUR;1950;
TUR;1951;
TUR;1952;
TUR;1953;
TUR;1954;
TUR;1955;
TUR;1956;
TUR;1957;
TUR;1958;
TUR;1959;
TUR;1960;
TUR;1961;
TUR;1962;
TUR;1963;
TUR;1964;
TUR;1965;
TUR;1966;
TUR;1967;
TUR;1968;
TUR;1969;
TUR;1970;
TUR;1971;
TUR;1972;
TUR;1973;
TUR;1974;
TUR;1975;
TUR;1976;
TUR;1977;
TUR;1978;
TUR;1979;
TUR;1980;
TUR;1981;
TUR;1982;
TUR;1983;
TUR;1984;
TUR;1985;
TUR;1986;
TUR;1987;
TUR;1988;
TUR;1989;0.0
TUR;1990;0.0
TUR;1991;1.0
TUR;1992;1.0
TUR;1993;0.0
TUR;1994;0.0
TUR;1995;0.0
TUR;1996;0.0
TUR;1997;0.0
TUR;1998;0.0
TUR;1999;0.0
TUR;2000;0.0
TUR;2001;0.0
TUR;2002;0.0
TUR;2003;0.0
TUR;2004;0.0
TUR;2005;0.0
TUR;2006;0.0
TUR;2007;0.0
TUR;2008;0.0
TUR;2009;0.0
TUR;2010;0.0
TUR;2011;0.0
TUR;2012;0.0
TUR;2013;0.0
TUR;2014;0.0
TUR;2015;0.0
TUR;2016;0.0
TUR;2017;0.0
TUR;2018;0.0
TUR;2019;0.0
TUR;2020;0.0
TUR;2021;0.0
TUR;2022;0.0
TUR;2023;
TWN;1950;
TWN;1951;
TWN;1952;
TWN;1953;
TWN;1954;
TWN;1955;
TWN;1956;
TWN;1957;
TWN;1958;
TWN;1959;
TWN;1960;
TWN;1961;
TWN;1962;
TWN;1963;
TWN;1964;
TWN;1965;
TWN;1966;
TWN;1967;
TWN;1968;
TWN;1969;
TWN;1970;
TWN;1971;
TWN;1972;
TWN;1973;
TWN;1974;
TWN;1975;
TWN;1976;
TWN;1977;
TWN;1978;
TWN;1979;
TWN;1980;
TWN;1981;
TWN;1982;
TWN;1983;
TWN;1984;
TWN;1985;
TWN;1986;
TWN;1987;
TWN;1988;
TWN;1989;0.0
TWN;1990;0.0
TWN;1991;1.0
TWN;1992;1.0
TWN;1993;1.0
TWN;1994;0.0
TWN;1995;0.0
TWN;1996;0.0
TWN;1997;0.0
TWN;1998;0.0
TWN;1999;1.0
TWN;2000;1.0
TWN;2001;1.0
TWN;2002;1.0
TWN;2003;1.0
TWN;2004;1.0
TWN;2005;0.0
TWN;2006;0.0
TWN;2007;0.0
TWN;2008;0.0
TWN;2009;0.0
TWN;2010;0.0
TWN;2011;0.0
TWN;2012;0.0
TWN;2013;0.0
TWN;2014;0.0
TWN;2015;0.0
TWN;2016;0.0
TWN;2017;0.0
TWN;2018;0.0
TWN;2019;0.0
TWN;2020;0.0
TWN;2021;0.0
TWN;2022;0.0
TWN;2023;
USA;1950;
USA;1951;
USA;1952;
USA;1953;
USA;1954;
USA;1955;
USA;1956;
USA;1957;
USA;1958;
USA;1959;
USA;1960;
USA;1961;
USA;1962;
USA;1963;
USA;1964;
USA;1965;
USA;1966;
USA;1967;
USA;1968;
USA;1969;
USA;1970;
USA;1971;
USA;1972;
USA;1973;
USA;1974;0.0
USA;1975;0.0
USA;1976;0.0
USA;1977;0.0
USA;1978;0.0
USA;1979;0.0
USA;1980;0.0
USA;1981;0.0
USA;1982;0.0
USA;1983;0.0
USA;1984;0.0
USA;1985;0.0
USA;1986;0.0
USA;1987;0.0
USA;1988;0.0
USA;1989;0.0
USA;1990;0.0
USA;1991;0.0
USA;1992;0.0
USA;1993;0.0
USA;1994;0.0
USA;1995;0.0
USA;1996;0.0
USA;1997;0.0
USA;1998;0.0
USA;1999;0.0
USA;2000;0.0
USA;2001;0.0
USA;2002;0.0
USA;2003;0.0
USA;2004;0.0
USA;2005;0.0
USA;2006;0.0
USA;2007;0.0
USA;2008;1.0
USA;2009;1.0
USA;2010;1.0
USA;2011;0.0
USA;2012;0.0
USA;2013;0.0
USA;2014;0.0
USA;2015;0.0
USA;2016;0.0
USA;2017;0.0
USA;2018;0.0
USA;2019;0.0
USA;2020;0.0
USA;2021;0.0
USA;2022;0.0
USA;2023;
VEN;1950;
VEN;1951;
VEN;1952;
VEN;1953;
VEN;1954;
VEN;1955;
VEN;1956;
VEN;1957;
VEN;1958;
VEN;1959;
VEN;1960;
VEN;1961;
VEN;1962;
VEN;1963;
VEN;1964;
VEN;1965;
VEN;1966;
VEN;1967;
VEN;1968;
VEN;1969;
VEN;1970;
VEN;1971;
VEN;1972;
VEN;1973;
VEN;1974;
VEN;1975;
VEN;1976;
VEN;1977;
VEN;1978;
VEN;1979;
VEN;1980;
VEN;1981;
VEN;1982;
VEN;1983;
VEN;1984;
VEN;1985;
VEN;1986;
VEN;1987;
VEN;1988;
VEN;1989;
VEN;1990;
VEN;1991;
VEN;1992;
VEN;1993;
VEN;1994;
VEN;1995;0.0
VEN;1996;0.0
VEN;1997;0.0
VEN;1998;0.0
VEN;1999;1.0
VEN;2000;1.0
VEN;2001;1.0
VEN;2002;0.0
VEN;2003;0.0
VEN;2004;0.0
VEN;2005;0.0
VEN;2006;0.0
VEN;2007;0.0
VEN;2008;0.0
VEN;2009;0.0
VEN;2010;0.0
VEN;2011;0.0
VEN;2012;0.0
VEN;2013;0.0
VEN;2014;0.0
VEN;2015;0.0
VEN;2016;0.0
VEN;2017;0.0
VEN;2018;0.0
VEN;2019;0.0
VEN;2020;0.0
VEN;2021;0.0
VEN;2022;0.0
VEN;2023;
VNM;1950;
VNM;1951;
VNM;1952;
VNM;1953;
VNM;1954;
VNM;1955;
VNM;1956;
VNM;1957;
VNM;1958;
VNM;1959;
VNM;1960;
VNM;1961;
VNM;1962;
VNM;1963;
VNM;1964;
VNM;1965;
VNM;1966;
VNM;1967;
VNM;1968;
VNM;1969;
VNM;1970;
VNM;1971;
VNM;1972;
VNM;1973;
VNM;1974;
VNM;1975;
VNM;1976;
VNM;1977;
VNM;1978;
VNM;1979;
VNM;1980;
VNM;1981;
VNM;1982;
VNM;1983;
VNM;1984;
VNM;1985;
VNM;1986;
VNM;1987;
VNM;1988;
VNM;1989;
VNM;1990;
VNM;1991;
VNM;1992;
VNM;1993;
VNM;1994;
VNM;1995;
VNM;1996;
VNM;1997;
VNM;1998;
VNM;1999;
VNM;2000;
VNM;2001;
VNM;2002;
VNM;2003;
VNM;2004;
VNM;2005;
VNM;2006;
VNM;2007;
VNM;2008;1.0
VNM;2009;0.0
VNM;2010;0.0
VNM;2011;0.0
VNM;2012;0.0
VNM;2013;0.0
VNM;2014;0.0
VNM;2015;0.0
VNM;2016;0.0
VNM;2017;0.0
VNM;2018;0.0
VNM;2019;0.0
VNM;2020;0.0
VNM;2021;0.0
VNM;2022;0.0
VNM;2023;
ZAF;1950;
ZAF;1951;
ZAF;1952;
ZAF;1953;
ZAF;1954;
ZAF;1955;
ZAF;1956;
ZAF;1957;
ZAF;1958;
ZAF;1959;
ZAF;1960;
ZAF;1961;
ZAF;1962;
ZAF;1963;
ZAF;1964;
ZAF;1965;
ZAF;1966;
ZAF;1967;
ZAF;1968;
ZAF;1969;
ZAF;1970;
ZAF;1971;
ZAF;1972;
ZAF;1973;
ZAF;1974;
ZAF;1975;
ZAF;1976;
ZAF;1977;
ZAF;1978;
ZAF;1979;
ZAF;1980;
ZAF;1981;
ZAF;1982;
ZAF;1983;
ZAF;1984;
ZAF;1985;
ZAF;1986;
ZAF;1987;0.0
ZAF;1988;0.0
ZAF;1989;0.0
ZAF;1990;0.0
ZAF;1991;0.0
ZAF;1992;0.0
ZAF;1993;0.0
ZAF;1994;0.0
ZAF;1995;0.0
ZAF;1996;0.0
ZAF;1997;0.0
ZAF;1998;0.0
ZAF;1999;0.0
ZAF;2000;0.0
ZAF;2001;0.0
ZAF;2002;0.0
ZAF;2003;0.0
ZAF;2004;0.0
ZAF;2005;0.0
ZAF;2006;0.0
ZAF;2007;0.0
ZAF;2008;0.0
ZAF;2009;0.0
ZAF;2010;0.0
ZAF;2011;0.0
ZAF;2012;0.0
ZAF;2013;0.0
ZAF;2014;0.0
ZAF;2015;0.0
ZAF;2016;0.0
ZAF;2017;0.0
ZAF;2018;0.0
ZAF;2019;0.0
ZAF;2020;1.0
ZAF;2021;0.0
ZAF;2022;0.0
ZAF;2023;
